NAME,PRC Deferrals - Preventive Services,,,,,,,,,,,,,,,,,,,,,,,,,,,,,,,,,,,,,,,,,,,,,,,,,,,,
AREA:  I.H.S. OFFICES,,,,,,,,,,,,,,,,,,,,,,,,,,,,,,,,,,,,,,,,,,,,,,,,,,,,,
Federal and Tribal PRC Program:,FY 2019,,,,,,,,,,,,,,,,,,,,,,,,,,,,,,,,,,,,,,,,,,,,,,,,,,,,
 ,,,,,,,,,,,,,,,,,,,,,,,,,,,,,,,,,,,,,,,,,,,,,,,,,,,,,
,,,,,,,,,,,,,,,,,,,,,,,,,,,,,,,,,,,,,,,,,,,,,,,,,,,,,
  CATEGORY:, SERVICE UNIT-FEDERAL and TRIBAL PROGRAMS:,,,,,,,,,,,,,,,,,,,,,,,,,,,,,,,,,,,,,,,,,,,,,,,,,,,,
,ALASKA,,,ALBUQUERQUE,,,BEMIDJI,,,BILLING,,,CALIFORNIA,,,GREAT PLAINS,,,NASHVILLE,,,NAVAJO,,,OKLAHOMA,,,PHOENIX,,,PORTLAND,,,TUCSON,,,,,,,,,,,,,,,,,,,
,FEDERAL,TRIBAL,TOTAL,FEDERAL,TRIBAL,TOTAL,FEDERAL,TRIBAL,TOTAL,FEDERAL,TRIBAL,TOTAL,FEDERAL,TRIBAL,TOTAL,FEDERAL,TRIBAL,TOTAL,FEDERAL,TRIBAL,TOTAL,FEDERAL,TRIBAL,TOTAL,FEDERAL,TRIBAL,TOTAL,FEDERAL,TRIBAL,TOTAL,FEDERAL,TRIBAL,TOTAL,FEDERAL,TRIBAL,TOTAL,FEDERAL TOTAL,TRIBAL TOTAL,I.H.S. TOTAL,,,,,,,,,,,,,,
1. Audiology Evaluations and Hearing Aids , -   , -   , -   , -   , -   , -   , 1 , -   , 1 , 1 , -   , 1 , -   , 4 , 4 , 4 , -   , 4 , -   , -   , -   , 677 , 7 , 684 , 136 , 33 , 169 , -   , -   , -   , -   , -   , -   , -   , -   , -   , 819 , 44 , 863 ,,,,,,,,,,,,,,
"2. Allergy Testing, Injections, etc.", -   , -   , -   , -   , -   , -   , -   , -   , -   , 5 , -   , 5 , -   , 2 , 2 , 6 , -   , 6 , -   , -   , -   , 29 , 24 , 53 , 52 , 93 , 145 , -   , -   , -   , -   , -   , -   , -   , -   , -   , 92 , 119 , 211 ,,,,,,,,,,,,,,
3. Antenatal screening , -   , -   , -   , -   , -   , -   , -   , -   , -   , -   , -   , -   , -   , -   , -   , -   , -   , -   , -   , -   , -   , -   , -   , -   , -   , -   , -   , -   , -   , -   , -   , -   , -   , -   , -   , -   , -   , -   , -   ,,,,,,,,,,,,,,
4. Dental Hygiene (Teeth Cleaning), -   , -   , -   , -   , -   , -   , -   , -   , -   , -   , -   , -   , -   , -   , -   , -   , -   , -   , -   , -   , -   ," 1,955 ", -   ," 1,955 ", -   , 3 , 3 , -   , -   , -   , -   , -   , -   , -   , -   , -   ," 1,955 ", 3 ," 1,958 ",,,,,,,,,,,,,,
5. Family Planning Services: Vasectomies, -   , -   , -   , -   , -   , -   , 1 , -   , 1 , -   , -   , -   , -   , -   , -   , 1 , -   , 1 , -   , 2 , 2 , 12 , -   , 12 , 3 , 1 , 4 , -   , -   , -   , -   , -   , -   , -   , -   , -   , 17 , 3 , 20 ,,,,,,,,,,,,,,
Family Planning Services: Tubal Ligations, -   , -   , -   , -   , -   , -   , 1 , -   , 1 , 2 , -   , 2 , -   , 2 , 2 , -   , -   , -   , -   , 6 , 6 , 16 , -   , 16 , -   , -   , -   , -   , -   , -   , -   , -   , -   , -   , -   , -   , 19 , 8 , 27 ,,,,,,,,,,,,,,
6. Mammograms, -   , -   , -   , -   , -   , -   , -   , -   , -   , 5 , -   , 5 , -   , -   , -   , 30 , -   , 30 , 1 , -   , 1 , 107 , 413 , 520 , -   , 3 , 3 , -   , -   , -   , -   , -   , -   , -   , -   , -   , 143 , 416 , 559 ,,,,,,,,,,,,,,
7. Podiatry Care for Diabetics, -   , -   , -   , -   , -   , -   , 3 , -   , 3 , -   , -   , -   , -   , -   , -   , 3 , -   , 3 , 1 , -   , 1 , 457 , -   , 457 , 4 , 959 , 963 , -   , -   , -   , -   , -   , -   , -   , -   , -   , 468 , 959 ," 1,427 ",,,,,,,,,,,,,,
8. Physical Therapy, -   , -   , -   , -   , -   , -   , 28 , -   , 28 , 3 , -   , 3 , -   , -   , -   , 41 , 12 , 53 , 1 , 6 , 7 ," 2,746 ", -   ," 2,746 ", 6 , 50 , 56 , -   , -   , -   , -   , -   , -   , -   , -   , -   ," 2,825 ", 68 ," 2,893 ",,,,,,,,,,,,,,
9. Pap Smears, -   , -   , -   , -   , -   , -   , -   , -   , -   , 1 , -   , 1 , -   , -   , -   , -   , -   , -   , -   , -   , -   , 312 , -   , 312 , -   , -   , -   , -   , -   , -   , -   , -   , -   , -   , -   , -   , 313 , -   , 313 ,,,,,,,,,,,,,,
"10. Refractions, Glasses, Contact Lenses", -   , -   , -   , -   , -   , -   , 1 , -   , 1 , -   , -   , -   , -   , 1 , 1 , -   , -   , -   , 15 , -   , 15 ," 7,477 ", 408 ," 7,885 ", -   , -   , -   , -   , -   , -   , -   , -   , -   , -   , -   , -   ," 7,493 ", 409 ," 7,902 ",,,,,,,,,,,,,,
11. Sexually Transmitted Disease Services, -   , -   , -   , -   , -   , -   , -   , -   , -   , -   , -   , -   , -   , -   , -   , -   , -   , -   , -   , -   , -   , 446 , -   , 446 , -   , 6 , 6 , -   , -   , -   , -   , -   , -   , -   , -   , -   , 446 , 6 , 452 ,,,,,,,,,,,,,,
12. Other (State Type Below), -   , -   , -   , -   , -   , -   , 20 , -   , 20 , 27 , -   , 27 , -   , 10 , 10 , 7 , -   , 7 , 351 , -   , 351 , -   , -   , -   , 354 , -   , 354 , -   , -   , -   , -   , -   , -   , -   , -   , -   , 759 , 10 , 769 ,,,,,,,,,,,,,,
     TOTAL, -   , -   , -   , -   , -   , -   , 55 , -   , 55 , 44 , -   , 44 , -   , 19 , 19 , 92 , 12 , 104 , 369 , 14 , 383 ," 14,234 ", 852 ," 15,086 ", 555 ," 1,148 "," 1,703 ", -   , -   , -   , -   , -   , -   , -   , -   , -   ," 15,349 "," 2,045 "," 17,394 ",,,,,,,,,,,,,,
,,,,,,,,,,,,,,,,,,,,,,,,,,,,,,,,,,,,,,,,,,,,,,,,,,,,,
,,,,,,,,,,,,,,,,,,,,,,,,,,,,,,,,,,,,,,,,,,,,,,,,,,,,,
,,,,,,,,,,,,,,,,,,,,,,,,,,,,,,,,,,,,,,,,,,,,,,,,,,,,,
,,,,,,,,,,,,,,,,,,,,,,,,,,,,,,,,,,,,,,,,,,,,,,,,,,,,,
,,,,,,,,,,,,,,,,,,,,,,,,,,,,,,,,,,,,,,,,,,,,,,,,,,,,,
,,,,,,,,,,,,,,,, ,,,,,,,,,,,,,,,,,,,,,,,,,,,,,,,,,,,,,
,,,,,,,,,,,,,,,,,,,,,,,,,,,,,,,,,,,,,,,,,,,,,,,,,,,,,
,,,,,,,,,,,,,,,,,,,,,,,,,,,,,,,,,,,,,,,,,,,,,,,,,,,,,
Albuquerque Area Federal,,,,,,,,,,,,,,,,,,,,,,,,,,,,,,,,,,,,,,,,,,,,,,,,,,,,,
Table 3A,PRC Deferrals - Preventive Services,,,,,,,,,,,,,,,,,,,,,,,,,,,,,,,,,,,,,,,,,,,,,,,,,,,,
,,,,,,,,,,,,,,,,,,,,,,,,,,,,,,,,,,,,,,,,,,,,,,,,,,,,,
,FY 2019,,,,,,,,,,,,,,,,,,,,,,,,,,,,,,,,,,,,,,,,,,,,,,,,,,,,
,,,,,,,,,,,,,,,,,,,,,,0,,,,,,,,,,,,,,,,,,,,,,,,,,,,,,,
,,,,,,,,,,,,,,,,,,,,,,,,,,,,,,,,,,,,,,,,,,,,,,,,,,,,,
Categories,Federal PRC Programs,,,,,,,,,Tribal PRC Programs,,,,,,,,,,,,,,,,,,,,,,,,,,,,,,,,,,,,,,,,,,,
,(b) (6) ,(b) (6) ,(b) (6) ,(b) (6) ,(b) (6) ,(b) (6) ,(b) (6) ,(b) (6) ,Federal Sub Total,(b) (6) ,(b) (6) ,Tribal Sub Total,TOTAL,,,,,,,,,,,,,,,,,,,,,,,,,,,,,,,,,,,,,,,,
,(b) (6) ,(b) (6) ,(b) (6) ,(b) (6) ,(b) (6) ,(b) (6) ,(b) (6) ,(b) (6) ,,(b) (6) ,(b) (6) ,,,,,,,,,,,,,,,,,,,,,,,,,,,,,,,,,,,,,,,,,,
1. Audiology Evaluations and Hearing Aids , -   , -   , -   , -   , -   , -   , -   , -   , -   , -   , -   , -   , -   ,,,,,,,,,,,,,,,,,,,,,,,,,,,,,,,,,,,,,,,,
"2. Allergy Testing, Injections, etc.", -   , -   , -   , -   , -   , -   , -   , -   , -   , -   , -   , -   , -   ,,,,,,,,,,,,,,,,,,,,,,,,,,,,,,,,,,,,,,,,
3. Antenatal screening , -   , -   , -   , -   , -   , -   , -   , -   , -   , -   , -   , -   , -   ,,,,,,,,,,,,,,,,,,,,,,,,,,,,,,,,,,,,,,,,
4. Dental Hygiene (Teeth Cleaning), -   , -   , -   , -   , -   , -   , -   , -   , -   , -   , -   , -   , -   ,,,,,,,,,,,,,,,,,,,,,,,,,,,,,,,,,,,,,,,,
5. Family Planning Services: Vasectomies, -   , -   , -   , -   , -   , -   , -   , -   , -   , -   , -   , -   , -   ,,,,,,,,,,,,,,,,,,,,,,,,,,,,,,,,,,,,,,,,
Family Planning Services: Tubal Ligations, -   , -   , -   , -   , -   , -   , -   , -   , -   , -   , -   , -   , -   ,,,,,,,,,,,,,,,,,,,,,,,,,,,,,,,,,,,,,,,,
6. Mammograms, -   , -   , -   , -   , -   , -   , -   , -   , -   , -   , -   , -   , -   ,,,,,,,,,,,,,,,,,,,,,,,,,,,,,,,,,,,,,,,,
7. Podiatry Care for Diabetics, -   , -   , -   , -   , -   , -   , -   , -   , -   , -   , -   , -   , -   ,,,,,,,,,,,,,,,,,,,,,,,,,,,,,,,,,,,,,,,,
8. Physical Therapy, -   , -   , -   , -   , -   , -   , -   , -   , -   , -   , -   , -   , -   ,,,,,,,,,,,,,,,,,,,,,,,,,,,,,,,,,,,,,,,,
9. Pap Smears, -   , -   , -   , -   , -   , -   , -   , -   , -   , -   , -   , -   , -   ,,,,,,,,,,,,,,,,,,,,,,,,,,,,,,,,,,,,,,,,
"10. Refractions, Glasses, Contact Lenses", -   , -   , -   , -   , -   , -   , -   , -   , -   , -   , -   , -   , -   ,,,,,,,,,,,,,,,,,,,,,,,,,,,,,,,,,,,,,,,,
11. Sexually Transmitted Disease Services, -   , -   , -   , -   , -   , -   , -   , -   , -   , -   , -   , -   , -   ,,,,,,,,,,,,,,,,,,,,,,,,,,,,,,,,,,,,,,,,
12. Other (State Type Below), -   , -   , -   , -   , -   , -   , -   , -   , -   , -   , -   , -   , -   ,,,,,,,,,,,,,,,,,,,,,,,,,,,,,,,,,,,,,,,,
     TOTAL, -   , -   , -   , -   , -   , -   , -   , -   , -   , -   , -   , -   , -   ,,,,,,,,,,,,,,,,,,,,,,,,,,,,,,,,,,,,,,,,
Other (Explanations): ,,,,,,,,,,,,,,,,,,,,,,,,,,,,,,,,,,,,,,,,,,,,,,,,,,,,,
,,,,,,,,,,,,,,,,,,,,,,,,,,,,,,,,,,,,,,,,,,,,,,,,,,,,,
,,,,,,,,,,,,,,,,,,,,,,,,,,,,,,,,,,,,,,,,,,,,,,,,,,,,,
,,,,,,,,,,,,,,,,,,,,,,,,,,,,,,,,,,,,,,,,,,,,,,,,,,,,,
Table 3A,PRC Deferrals - Preventive Services,,,,,,,,,,,,,,,,,,,,,,,,,,,,,,,,,,,,,,,,,,,,,,,,,,,,
,,,,,,,,,,,,,,,,,,,,,,,,,,,,,,,,,,,,,,,,,,,,,,,,,,,,,
Bemidji Area Federal and Tribal PRC Deferrals - Preventive Services,FY 2019,,,,,,,,,,,,,,,,,,,,,,,,,,,,,,,,,,,,,,,,,,,,,,,,,,,,
,,,,,,,,,,,,,,,,,,,,,,,,,,,,,,,,,,,,,,,,,,,,,,,,,,,,,
,,,,,,,,,,,,,,,,,,,,,,,,,,,,,,,,,,,,,,,,,,,,,,,,,,,,,
Categories,Federal PRC Programs,,,,Tribal PRC Programs,,,,,,,,,,,,,,,,,,,,,,,,,,,,,,,,,,,,,,,,,,,,,,,,
,(b) (6) ,(b) (6) ,(b) (6) ,Federal Sub Total,(b) (6) ,(b) (6) ,(b) (6) ,(b) (6) ,(b) (6) ,(b) (6) ,(b) (6) ,(b) (6) ,(b) (6) ,(b) (6) ,(b) (6) ,(b) (6) ,(b) (6) ,(b) (6) ,Tribal Sub Total,I.H.S. Offices TOTAL,,,,,,,,,,,,,,,,,,,,,,,,,,,,,,,,,
1. Audiology Evaluations and Hearing Aids , -   , 1 , -   , 1 , -   , -   , -   , -   , -   , -   , -   , -   , -   , -   , -   , -   , -   , -   , -   , 1 ,,,,,,,,,,,,,,,,,,,,,,,,,,,,,,,,,
"2. Allergy Testing, Injections, etc.", -   , -   , -   , -   , -   , -   , -   , -   , -   , -   , -   , -   , -   , -   , -   , -   , -   , -   , -   , -   ,,,,,,,,,,,,,,,,,,,,,,,,,,,,,,,,,
3. Antenatal screening , -   , -   , -   , -   , -   , -   , -   , -   , -   , -   , -   , -   , -   , -   , -   , -   , -   , -   , -   , -   ,,,,,,,,,,,,,,,,,,,,,,,,,,,,,,,,,
4. Dental Hygiene (Teeth Cleaning), -   , -   , -   , -   , -   , -   , -   , -   , -   , -   , -   , -   , -   , -   , -   , -   , -   , -   , -   , -   ,(b) (6) ,,,,,,,,,,,,,,,,,,,,,,,,,,,,,,,,
5. Family Planning Services: Vasectomies, -   , 1 , -   , 1 , -   , -   , -   , -   , -   , -   , -   , -   , -   , -   , -   , -   , -   , -   , -   , 1 ,,,,,,,,,,,,,,,,,,,,,,,,,,,,,,,,,
Family Planning Services: Tubal Ligations, 1 , -   , -   , 1 , -   , -   , -   , -   , -   , -   , -   , -   , -   , -   , -   , -   , -   , -   , -   , 1 ,,,,,,,,,,,,,,,,,,,,,,,,,,,,,,,,,
6. Mammograms, -   , -   , -   , -   , -   , -   , -   , -   , -   , -   , -   , -   , -   , -   , -   , -   , -   , -   , -   , -   ,,,,,,,,,,,,,,,,,,,,,,,,,,,,,,,,,
7. Podiatry Care for Diabetics, 3 , -   , -   , 3 , -   , -   , -   , -   , -   , -   , -   , -   , -   , -   , -   , -   , -   , -   , -   , 3 ,,,,,,,,,,,,,,,,,,,,,,,,,,,,,,,,,
8. Physical Therapy, 27 , 1 , -   , 28 , -   , -   , -   , -   , -   , -   , -   , -   , -   , -   , -   , -   , -   , -   , -   , 28 ,,,,,,,,,,,,,,,,,,,,,,,,,,,,,,,,,
9. Pap Smears, -   , -   , -   , -   , -   , -   , -   , -   , -   , -   , -   , -   , -   , -   , -   , -   , -   , -   , -   , -   ,,,,,,,,,,,,,,,,,,,,,,,,,,,,,,,,,
"10. Refractions, Glasses, Contact Lenses", -   , 1 , -   , 1 , -   , -   , -   , -   , -   , -   , -   , -   , -   , -   , -   , -   , -   , -   , -   , 1 ,,,,,,,,,,,,,,,,,,,,,,,,,,,,,,,,,
11. Sexually Transmitted Disease Services, -   , -   , -   , -   , -   , -   , -   , -   , -   , -   , -   , -   , -   , -   , -   , -   , -   , -   , -   , -   ,,,,,,,,,,,,,,,,,,,,,,,,,,,,,,,,,
12. Other (State Type Below), 15 , 2 , 3 , 20 , -   , -   , -   , -   , -   , -   , -   , -   , -   , -   , -   , -   , -   , -   , -   , 20 ,,,,,,,,,,,,,,,,,,,,,,,,,,,,,,,,,
     TOTAL, 46 , 6 , 3 , 55 , -   , -   , -   , -   , -   , -   , -   , -   , -   , -   , -   , -   , -   , -   , -   , 55 ,,,,,,,,,,,,,,,,,,,,,,,,,,,,,,,,,
Other (Explanations): ,,,,,,,,,,,,,,,,,,,,,,,,,,,,,,,,,,,,,,,,,,,,,,,,,,,,,
,,,,,,,,,,,,,,,,,,,,,,,,,,,,,,,,,,,,,,,,,,,,,,,,,,,,,
,,,,,,,,,,,,,,,,,,,,,,,,,,,,,,,,,,,,,,,,,,,,,,,,,,,,,
,,,,,,,,,,,,,,,,,,,,,,,,,,,,,,,,,,,,,,,,,,,,,,,,,,,,,
Billing Area Federal,,,,,,,,,,,,,,,,,,,,,,,,,,,,,,,,,,,,,,,,,,,,,,,,,,,,,
Table 3A,PRC Deferrals - Preventive Services,,,,,,,,,,,,,,,,,,,,,,,,,,,,,,,,,,,,,,,,,,,,,,,,,,,,
,,,,,,,,,,,,,,,,,,,,,,,,,,,,,,,,,,,,,,,,,,,,,,,,,,,,,
Billing Area Federal and Tribal PRC Deferrals - Preventive Services,FY 2019,,,,,,,,,,,,,,,,,,,,,,,,,,,,,,,,,,,,,,,,,,,,,,,,,,,,
,,,,,,,,,,,,,,,,,,,,,,,,,,,,,,,,,,,,,,,,,,,,,,,,,,,,,
,,,,,,,,,,,,,,,,,,,,,,,,,,,,,,,,,,,,,,,,,,,,,,,,,,,,,
Categories,Federal PRC Programs,,,,,,,,Tribal PRC Programs,,,,,,,,,,,,,,,,,,,,,,,,,,,,,,,,,,,,,,,,,,,,
,(b) (6) ,(b) (6) ,(b) (6) ,(b) (6) ,(b) (6) ,(b) (6) ,(b) (6) ,Sub Federal Total,(b) (6) ,Tribal Sub Total,I.H.S. Offices TOTAL,,,,,,,,,,,,,,,,,,,,,,,,,,,,,,,,,,,,,,,,,,
1. Audiology Evaluations and Hearing Aids , -   , -   , -   , -   , 1 , -   , -   , 1 , -   , -   , 1 ,,,,,,,,,,,,,,,,,,,,,,,,,,,,,,,,,,,,,,,,,,
"2. Allergy Testing, Injections, etc.", -   , -   , -   , 4 , 1 , -   , -   , 5 , -   , -   , 5 ,,,,,,,,,,,,,,,,,,,,,,,,,,,,,,,,,,,,,,,,,,
3. Antenatal screening , -   , -   , -   , -   , -   , -   , -   , -   , -   , -   , -   ,,,,,,,,,,,,,,,,,,,,,,,,,,,,,,,,,,,,,,,,,,
4. Dental Hygiene (Teeth Cleaning), -   , -   , -   , -   , -   , -   , -   , -   , -   , -   , -   ,,,,,,,,,,,,,,,,,,,,,,,,,,,,,,,,,,,,,,,,,,
5. Family Planning Services: Vasectomies, -   , -   , -   , -   , -   , -   , -   , -   , -   , -   , -   ,,,,,,,,,,,,,,,,,,,,,,,,,,,,,,,,,,,,,,,,,,
Family Planning Services: Tubal Ligations, -   , -   , -   , -   , 2 , -   , -   , 2 , -   , -   , 2 ,,,,,,,,,,,,,,,,,,,,,,,,,,,,,,,,,,,,,,,,,,
6. Mammograms, -   , -   , -   , 4 , 1 , -   , -   , 5 , -   , -   , 5 ,,,,,,,,,,,,,,,,,,,,,,,,,,,,,,,,,,,,,,,,,,
7. Podiatry Care for Diabetics, -   , -   , -   , -   , -   , -   , -   , -   , -   , -   , -   ,,,,,,,,,,,,,,,,,,,,,,,,,,,,,,,,,,,,,,,,,,
8. Physical Therapy, 1 , -   , -   , -   , 2 , -   , -   , 3 , -   , -   , 3 ,,,,,,,,,,,,,,,,,,,,,,,,,,,,,,,,,,,,,,,,,,
9. Pap Smears, -   , -   , -   , -   , 1 , -   , -   , 1 , -   , -   , 1 ,,,,,,,,,,,,,,,,,,,,,,,,,,,,,,,,,,,,,,,,,,
"10. Refractions, Glasses, Contact Lenses", -   , -   , -   , -   , -   , -   , -   , -   , -   , -   , -   ,,,,,,,,,,,,,,,,,,,,,,,,,,,,,,,,,,,,,,,,,,
11. Sexually Transmitted Disease Services, -   , -   , -   , -   , -   , -   , -   , -   , -   , -   , -   ,,,,,,,,,,,,,,,,,,,,,,,,,,,,,,,,,,,,,,,,,,
12. Other (State Type Below), -   , -   , -   , 3 , 24 , -   , -   , 27 , -   , -   , 27 ,,,,,,,,,,,,,,,,,,,,,,,,,,,,,,,,,,,,,,,,,,
     TOTAL, 1 , -   , -   , 11 , 32 , -   , -   , 44 , -   , -   , 44 ,,,,,,,,,,,,,,,,,,,,,,,,,,,,,,,,,,,,,,,,,,
Other (Explanations): ,,,,,,,,,,,,,,,,,,,,,,,,,,,,,,,,,,,,,,,,,,,,,,,,,,,,,
,,,,,,,,,,,,,,,,,,,,,,,,,,,,,,,,,,,,,,,,,,,,,,,,,,,,,
,,,,,,,,,,,,,,,,,,,,,,,,,,,,,,,,,,,,,,,,,,,,,,,,,,,,,
California Area No Federal,,,,,,,,,,,,,,,,,,,,,,,,,,,,,,,,,,,,,,,,,,,,,,,,,,,,,
Table 3A,PRC Deferrals - Preventive Services,,,,,,,,,,,,,,,,,,,,,,,,,,,,,,,,,,,,,,,,,,,,,,,,,,,,
,,,,,,,,,,,,,,,,,,,,,,,,,,,,,,,,,,,,,,,,,,,,,,,,,,,,,
California Area Federal and Tribal PRC Deferrals - Preventive Services,FY 2019,,,,,,,,,,,,,,,,,,,,,,,,,,,,,,,,,,,,,,,,,,,,,,,,,,,,
,,,,,,,,,,,,,,,,,,,,,,,,,,,,,,,,,,,,,,,,,,,,,,,,,,,,,
,,,,,,,,,,,,,,,,,,,,,,,,,,,,,,,,,,,,,,,,,,,,,,,,,,,,,
Categories,Federal PRC Programs,,,Tribal PRC Programs,,,,,,,,,,,,,,,,,,,,,,,,,,,,,,,,,,,,,,,,,,,,,,,,,
,(b) (6) ,(b) (6) ,Federal Sub Total,(b) (6) ,(b) (6) ,(b) (6) ,(b) (6) ,(b) (6) ,(b) (6) ,(b) (6) ,(b) (6) ,(b) (6) ,(b) (6) ,(b) (6) ,(b) (6) ,(b) (6) ,(b) (6) ,(b) (6) ,(b) (6) ,(b) (6) ,(b) (6) ,(b) (6) ,(b) (6) ,(b) (6) ,(b) (6) ,(b) (6) ,(b) (6) ,(b) (6) ,(b) (6) ,(b) (6) ,(b) (6) ,Tribal Sub Total,I.H.S. Offices TOTAL,,,,,,,,,,,,,,,,,,,,
1. Audiology Evaluations and Hearing Aids , -   , -   , -   , -   , -   , 3 , -   , -   , -   , -   , -   , -   , -   , -   , -   , -   , 1 , -   , -   , -   , -   , -   , -   , -   , -   , -   , -   , -   , -   , -   , -   , 4 , 4 ,,,,,,,,,,,,,,,,,,,,
"2. Allergy Testing, Injections, etc.", -   , -   , -   , -   , -   , 2 , -   , -   , -   , -   , -   , -   , -   , -   , -   , -   , -   , -   , -   , -   , -   , -   , -   , -   , -   , -   , -   , -   , -   , -   , -   , 2 , 2 ,,,,,,,,,,,,,,,,,,,,
3. Antenatal screening , -   , -   , -   , -   , -   , -   , -   , -   , -   , -   , -   , -   , -   , -   , -   , -   , -   , -   , -   , -   , -   , -   , -   , -   , -   , -   , -   , -   , -   , -   , -   , -   , -   ,,,,,,,,,,,,,,,,,,,,
4. Dental Hygiene (Teeth Cleaning), -   , -   , -   , -   , -   , -   , -   , -   , -   , -   , -   , -   , -   , -   , -   , -   , -   , -   , -   , -   , -   , -   , -   , -   , -   , -   , -   , -   , -   , -   , -   , -   , -   ,,,,,,,,,,,,,,,,,,,,
5. Family Planning Services: Vasectomies, -   , -   , -   , -   , -   , -   , -   , -   , -   , -   , -   , -   , -   , -   , -   , -   , -   , -   , -   , -   , -   , -   , -   , -   , -   , -   , -   , -   , -   , -   , -   , -   , -   ,,,,,,,,,,,,,,,,,,,,
Family Planning Services: Tubal Ligations, -   , -   , -   , -   , -   , 2 , -   , -   , -   , -   , -   , -   , -   , -   , -   , -   , -   , -   , -   , -   , -   , -   , -   , -   , -   , -   , -   , -   , -   , -   , -   , 2 , 2 ,,,,,,,,,,,,,,,,,,,,
6. Mammograms, -   , -   , -   , -   , -   , -   , -   , -   , -   , -   , -   , -   , -   , -   , -   , -   , -   , -   , -   , -   , -   , -   , -   , -   , -   , -   , -   , -   , -   , -   , -   , -   , -   ,,,,,,,,,,,,,,,,,,,,
7. Podiatry Care for Diabetics, -   , -   , -   , -   , -   , -   , -   , -   , -   , -   , -   , -   , -   , -   , -   , -   , -   , -   , -   , -   , -   , -   , -   , -   , -   , -   , -   , -   , -   , -   , -   , -   , -   ,,,,,,,,,,,,,,,,,,,,
8. Physical Therapy, -   , -   , -   , -   , -   , -   , -   , -   , -   , -   , -   , -   , -   , -   , -   , -   , -   , -   , -   , -   , -   , -   , -   , -   , -   , -   , -   , -   , -   , -   , -   , -   , -   ,,,,,,,,,,,,,,,,,,,,
9. Pap Smears, -   , -   , -   , -   , -   , -   , -   , -   , -   , -   , -   , -   , -   , -   , -   , -   , -   , -   , -   , -   , -   , -   , -   , -   , -   , -   , -   , -   , -   , -   , -   , -   , -   ,,,,,,,,,,,,,,,,,,,,
"10. Refractions, Glasses, Contact Lenses", -   , -   , -   , -   , -   , -   , -   , -   , -   , -   , -   , -   , -   , -   , -   , -   , 1 , -   , -   , -   , -   , -   , -   , -   , -   , -   , -   , -   , -   , -   , -   , 1 , 1 ,,,,,,,,,,,,,,,,,,,,
11. Sexually Transmitted Disease Services, -   , -   , -   , -   , -   , -   , -   , -   , -   , -   , -   , -   , -   , -   , -   , -   , -   , -   , -   , -   , -   , -   , -   , -   , -   , -   , -   , -   , -   , -   , -   , -   , -   ,,,,,,,,,,,,,,,,,,,,
12. Other (State Type Below), -   , -   , -   , -   , -   , -   , -   , -   , -   , -   , -   , -   , -   , -   , -   , -   , 9 , -   , -   , 1 , -   , -   , -   , -   , -   , -   , -   , -   , -   , -   , -   , 10 , 10 ,,,,,,,,,,,,,,,,,,,,
     TOTAL, -   , -   ,, -   , -   , 7 , -   , -   , -   , -   , -   , -   , -   , -   , -   , -   , 11 , -   , -   , 1 , -   , -   , -   , -   , -   , -   , -   , -   , -   , -   , -   , 19 , 19 ,,,,,,,,,,,,,,,,,,,,
Other (Explanations):,,,,,,,,,,,,,,,,,,,,,,,,,,,,,,,,,,,,,,,,,,,,,,,,,,,,,
,,,,,,,,,,,,,,,,,,,,,,,,,,,,,,,,,,,,,,,,,,,,,,,,,,,,,
,,,,,,,,,,,,,,,,,,,,,,,,,,,,,,,,,,,,,,,,,,,,,,,,,,,,,
,,,,,,,,,,,,,,,,,,,,,,,,,,,,,,,,,,,,,,,,,,,,,,,,,,,,,
,,,,,,,,,,,,,,,,,,,,,,,,,,,,,,,,,,,,,,,,,,,,,,,,,,,,,
,,,,,,,,,,,,,,,,,,,,,,,,,,,,,,,,,,,,,,,,,,,,,,,,,,,,,
Great Plains Area Federal,,,,,,,,,,,,,,,,,,,,,,,,,,,,,,,,,,,,,,,,,,,,,,,,,,,,,
Table 3A,PRC Deferrals - Preventive Services,,,,,,,,,,,,,,,,,,,,,,,,,,,,,,,,,,,,,,,,,,,,,,,,,,,,
,,,,,,,,,,,,,,,,,,,,,,,,,,,,,,,,,,,,,,,,,,,,,,,,,,,,,
Great Plains Area Federal and Tribal PRC Deferrals - Preventive Services,FY 2019,,,,,,,,,,,,,,,,,,,,,,,,,,,,,,,,,,,,,,,,,,,,,,,,,,,,
,Great Plains Area Indian Health Service,,,,,,,,,,,,,,,,,,,,,,,,,,,,,,,,,,,,,,,,,,,,,,,,,,,,
,,,,,,,,,,,,,,,,,,,,,,,,,,,,,,,,,,,,,,,,,,,,,,,,,,,,,
Categories,Federal PRC Programs,,,,,,,,,,,,Tribal PRC Programs,,,,,,,,,,,,,,,,,,,,,,,,,,,,,,,,,,,,,,,,
,(b) (6) ,(b) (6) ,(b) (6) ,(b) (6) ,(b) (6) ,(b) (6) ,(b) (6) ,(b) (6) ,(b) (6) ,(b) (6) ,(b) (6) ,Federal Sub Total,(b) (6) ,(b) (6) ,(b) (6) ,(b) (6) ,(b) (6) ,(b) (6) ,(b) (6) ,(b) (6) ,Tribal Sub Total,I.H.S. Offices TOTAL,,,,,,,,,,,,,,,,,,,,,,,,,,,,,,,
1. Audiology Evaluations and Hearing Aids , 4 , -   , -   , -   , -   , -   , -   , -   , -   , -   , -   , 4 , -   , -   , -   , -   , -   , -   , -   , -   , -   , 4 ,,,,,,,,,,,,,,,,,,,,,,,,,,,,,,,
"2. Allergy Testing, Injections, etc.", 3 , -   , 2 , -   , 1 , -   , -   , -   , -   , -   , -   , 6 , -   , -   , -   , -   , -   , -   , -   , -   , -   , 6 ,,,,,,,,,,,,,,,,,,,,,,,,,,,,,,,
3. Antenatal screening , -   , -   , -   , -   , -   , -   , -   , -   , -   , -   , -   , -   , -   , -   , -   , -   , -   , -   , -   , -   , -   , -   ,,,,,,,,,,,,,,,,,,,,,,,,,,,,,,,
4. Dental Hygiene (Teeth Cleaning), -   , -   , -   , -   , -   , -   , -   , -   , -   , -   , -   , -   , -   , -   , -   , -   , -   , -   , -   , -   , -   , -   ,,,,,,,,,,,,,,,,,,,,,,,,,,,,,,,
5. Family Planning Services: Vasectomies, -   , -   , -   , -   , 1 , -   , -   , -   , -   , -   , -   , 1 , -   , -   , -   , -   , -   , -   , -   , -   , -   , 1 ,,,,,,,,,,,,,,,,,,,,,,,,,,,,,,,
Family Planning Services: Tubal Ligations, -   , -   , -   , -   , -   , -   , -   , -   , -   , -   , -   , -   , -   , -   , -   , -   , -   , -   , -   , -   , -   , -   ,,,,,,,,,,,,,,,,,,,,,,,,,,,,,,,
6. Mammograms, -   , -   , -   , 30 , -   , -   , -   , -   , -   , -   , -   , 30 , -   , -   , -   , -   , -   , -   , -   , -   , -   , 30 ,,,,,,,,,,,,,,,,,,,,,,,,,,,,,,,
7. Podiatry Care for Diabetics, -   , -   , -   , 3 , -   , -   , -   , -   , -   , -   , -   , 3 , -   , -   , -   , -   , -   , -   , -   , -   , -   , 3 ,,,,,,,,,,,,,,,,,,,,,,,,,,,,,,,
8. Physical Therapy, 2 , -   , 32 , 6 , 1 , -   , -   , -   , -   , -   , -   , 41 , 12 , -   , -   , -   , -   , -   , -   , -   , 12 , 53 ,,,,,,,,,,,,,,,,,,,,,,,,,,,,,,,
9. Pap Smears, -   , -   , -   , -   , -   , -   , -   , -   , -   , -   , -   , -   , -   , -   , -   , -   , -   , -   , -   , -   , -   , -   ,,,,,,,,,,,,,,,,,,,,,,,,,,,,,,,
"10. Refractions, Glasses, Contact Lenses", -   , -   , -   , -   , -   , -   , -   , -   , -   , -   , -   , -   , -   , -   , -   , -   , -   , -   , -   , -   , -   , -   ,,,,,,,,,,,,,,,,,,,,,,,,,,,,,,,
11. Sexually Transmitted Disease Services, -   , -   , -   , -   , -   , -   , -   , -   , -   , -   , -   , -   , -   , -   , -   , -   , -   , -   , -   , -   , -   , -   ,,,,,,,,,,,,,,,,,,,,,,,,,,,,,,,
12. Other (State Type Below), 6 , -   , -   , -   , 1 , -   , -   , -   , -   , -   , -   , 7 , -   , -   , -   , -   , -   , -   , -   , -   , -   , 7 ,,,,,,,,,,,,,,,,,,,,,,,,,,,,,,,
     TOTAL, 15 , -   , 34 , 39 , 4 , -   , -   , -   , -   , -   , -   , 92 , 12 , -   , -   , -   , -   , -   , -   , -   , 12 , 104 ,,,,,,,,,,,,,,,,,,,,,,,,,,,,,,,
Other (Explanations):  ,,,,,,,,,,,,,,,,,,,,,,,,,,,,,,,,,,,,,,,,,,,,,,,,,,,,,
,,,,,,,,,,,,,,,,,,,,,,,,,,,,,,,,,,,,,,,,,,,,,,,,,,,,,
,,,,,,,,,,,,,,,,,,,,,,,,,,,,,,,,,,,,,,,,,,,,,,,,,,,,,
,,,,,,,,,,,,,,,,,,,,,,,,,,,,,,,,,,,,,,,,,,,,,,,,,,,,,
,,,,,,,,,,,,,,,,,,,,,,,,,,,,,,,,,,,,,,,,,,,,,,,,,,,,,
Nashville Area Federal,,,,,,,,,,,,,,,,,,,,,,,,,,,,,,,,,,,,,,,,,,,,,,,,,,,,,
Table 3A,PRC Deferrals - Preventive Services,,,,,,,,,,,,,,,,,,,,,,,,,,,,,,,,,,,,,,,,,,,,,,,,,,,,
,,,,,,,,,,,,,,,,,,,,,,,,,,,,,,,,,,,,,,,,,,,,,,,,,,,,,
Nashville Area Federal and Tribal PRC Deferrals - Preventive Services,FY 2019,,,,,,,,,,,,,,,,,,,,,,,,,,,,,,,,,,,,,,,,,,,,,,,,,,,,
,,,,,,,,,,,,,,,,,,,,,,,,,,,,,,,,,,,,,,,,,,,,,,,,,,,,,
,,,,,,,,,,,,,,,,,,,,,,,,,,,,,,,,,,,,,,,,,,,,,,,,,,,,,
Categories,Federal PRC Programs,,,,,,,,Tribal PRC Programs,,,,,,,,,,,,,,,,,,,,,,,,,,,,,,,,,,,,,,,,,,,,
,(b) (6) ,(b) (6) ,(b) (6) ,(b) (6) ,(b) (6) ,(b) (6) ,(b) (6) ,Federal Sub Total,(b) (6) ,(b) (6) ,Tribal Sub Total,I.H.S. Offices TOTAL,,,,,,,,,,,,,,,,,,,,,,,,,,,,,,,,,,,,,,,,,
1. Audiology Evaluations and Hearing Aids , -   , -   , -   , -   , -   , -   , -   , -   , -   , -   , -   , -   ,,,,,,,,,,,,,,,,,,,,,,,,,,,,,,,,,,,,,,,,,
"2. Allergy Testing, Injections, etc.", -   , -   , -   , -   , -   , -   , -   , -   , -   , -   , -   , -   ,,,,,,,,,,,,,,,,,,,,,,,,,,,,,,,,,,,,,,,,,
3. Antenatal screening , -   , -   , -   , -   , -   , -   , -   , -   , -   , -   , -   , -   ,,,,,,,,,,,,,,,,,,,,,,,,,,,,,,,,,,,,,,,,,
4. Dental Hygiene (Teeth Cleaning), -   , -   , -   , -   , -   , -   , -   , -   , -   , -   , -   , -   ,,,,,,,,,,,,,,,,,,,,,,,,,,,,,,,,,,,,,,,,,
5. Family Planning Services: Vasectomies, -   , -   , -   , -   , -   , -   , -   , -   , 2 , -   , 2 , 2 ,,,,,,,,,,,,,,,,,,,,,,,,,,,,,,,,,,,,,,,,,
Family Planning Services: Tubal Ligations, -   , -   , -   , -   , -   , -   , -   , -   , 6 , -   , 6 , 6 ,,,,,,,,,,,,,,,,,,,,,,,,,,,,,,,,,,,,,,,,,
6. Mammograms, -   , -   , -   , -   , 1 , -   , -   , 1 , -   , -   , -   , 1 ,,,,,,,,,,,,,,,,,,,,,,,,,,,,,,,,,,,,,,,,,
7. Podiatry Care for Diabetics, -   , -   , -   , 1 , -   , -   , -   , 1 , -   , -   , -   , 1 ,,,,,,,,,,,,,,,,,,,,,,,,,,,,,,,,,,,,,,,,,
8. Physical Therapy, -   , -   , -   , 1 , -   , -   , -   , 1 , 6 , -   , 6 , 7 ,,,,,,,,,,,,,,,,,,,,,,,,,,,,,,,,,,,,,,,,,
9. Pap Smears, -   , -   , -   , -   , -   , -   , -   , -   , -   , -   , -   , -   ,,,,,,,,,,,,,,,,,,,,,,,,,,,,,,,,,,,,,,,,,
"10. Refractions, Glasses, Contact Lenses", -   , -   , -   , 15 , -   , -   , -   , 15 , -   , -   , -   , 15 ,,,,,,,,,,,,,,,,,,,,,,,,,,,,,,,,,,,,,,,,,
11. Sexually Transmitted Disease Services, -   , -   , -   , -   , -   , -   , -   , -   , -   , -   , -   , -   ,,,,,,,,,,,,,,,,,,,,,,,,,,,,,,,,,,,,,,,,,
12. Other (State Type Below), -   , -   , -   , 6 , 345 , -   , -   , 351 , -   , -   , -   , 351 ,,,,,,,,,,,,,,,,,,,,,,,,,,,,,,,,,,,,,,,,,
     TOTAL, -   , -   , -   , 23 , 346 , -   , -   , 369 , 14 , -   , 14 , 383 ,,,,,,,,,,,,,,,,,,,,,,,,,,,,,,,,,,,,,,,,,
Other (Explanations): ,,,,,,,,,,,,,,,,,,,,,,,,,,,,,,,,,,,,,,,,,,,,,,,,,,,,,
,,,,,,,,,,,,,,,,,,,,,,,,,,,,,,,,,,,,,,,,,,,,,,,,,,,,,
,,,,,,,,,,,,,,,,,,,,,,,,,,,,,,,,,,,,,,,,,,,,,,,,,,,,,
Navajo Area Federal,,,,,,,,,,,,,,,,,,,,,,,,,,,,,,,,,,,,,,,,,,,,,,,,,,,,,
Table 3A,PRC Deferrals - Preventive Services,,,,,,,,,,,,,,,,,,,,,,,,,,,,,,,,,,,,,,,,,,,,,,,,,,,,
,,,,,,,,,,,,,,,,,,,,,,,,,,,,,,,,,,,,,,,,,,,,,,,,,,,,,
Navajo Area Federal and Tribal PRC Deferrals - Preventive Services,FY 2019,,,,,,,,,,,,,,,,,,,,,,,,,,,,,,,,,,,,,,,,,,,,,,,,,,,,
,,,,,,,,,,,,,,,,,,,,,,,,,,,,,,,,,,,,,,,,,,,,,,,,,,,,,
,,,,,,,,,,,,,,,,,,,,,,,,,,,,,,,,,,,,,,,,,,,,,,,,,,,,,
Categories,Federal PRC Programs,,,,,,Tribal PRC Programs,,,,,,,,,,,,,,,,,,,,,,,,,,,,,,,,,,,,,,,,,,,,,,
,(b) (6) ,(b) (6) ,(b) (6) ,(b) (6) ,(b) (6) ,Federal Sub Total,(b) (6) ,(b) (6) ,(b) (6) ,(b) (6) ,(b) (6) ,Tribal Sub Total,I.H.S. Offices TOTAL,,,,,,,,,,,,,,,,,,,,,,,,,,,,,,,,,,,,,,,,
1. Audiology Evaluations and Hearing Aids , -   , -   , 81 , 107 , 489 , 677 , 7 , -   , -   , -   , -   , 7 , 684 ,,,,,,,,,,,,,,,,,,,,,,,,,,,,,,,,,,,,,,,,
"2. Allergy Testing, Injections, etc.", -   , -   , -   , 29 , -   , 29 , 24 , -   , -   , -   , -   , 24 , 53 ,,,,,,,,,,,,,,,,,,,,,,,,,,,,,,,,,,,,,,,,
3. Antenatal screening , -   , -   , -   , -   , -   , -   , -   , -   , -   , -   , -   , -   , -   ,,,,,,,,,,,,,,,,,,,,,,,,,,,,,,,,,,,,,,,,
4. Dental Hygiene (Teeth Cleaning), -   , -   , -   ," 1,955 ", -   ," 1,955 ", -   , -   , -   , -   , -   , -   ," 1,955 ",,,,,,,,,,,,,,,,,,,,,,,,,,,,,,,,,,,,,,,,
5. Family Planning Services: Vasectomies, -   , -   , -   , 12 , -   , 12 , -   , -   , -   , -   , -   , -   , 12 ,,,,,,,,,,,,,,,,,,,,,,,,,,,,,,,,,,,,,,,,
Family Planning Services: Tubal Ligations, -   , -   , -   , 16 , -   , 16 , -   , -   , -   , -   , -   , -   , 16 ,,,,,,,,,,,,,,,,,,,,,,,,,,,,,,,,,,,,,,,,
6. Mammograms, -   , -   , -   , 107 , -   , 107 , 413 , -   , -   , -   , -   , 413 , 520 ,,,,,,,,,,,,,,,,,,,,,,,,,,,,,,,,,,,,,,,,
7. Podiatry Care for Diabetics, -   , -   , -   , 457 , -   , 457 , -   , -   , -   , -   , -   , -   , 457 ,,,,,,,,,,,,,,,,,,,,,,,,,,,,,,,,,,,,,,,,
8. Physical Therapy, -   , -   , -   ," 2,600 ", 146 ," 2,746 ", -   , -   , -   , -   , -   , -   ," 2,746 ",,,,,,,,,,,,,,,,,,,,,,,,,,,,,,,,,,,,,,,,
9. Pap Smears, -   , -   , -   , 312 , -   , 312 , -   , -   , -   , -   , -   , -   , 312 ,,,,,,,,,,,,,,,,,,,,,,,,,,,,,,,,,,,,,,,,
"10. Refractions, Glasses, Contact Lenses", -   , -   ," 1,666 "," 3,980 "," 1,831 "," 7,477 ", 11 , -   , 397 , -   , -   , 408 ," 7,885 ",,,,,,,,,,,,,,,,,,,,,,,,,,,,,,,,,,,,,,,,
11. Sexually Transmitted Disease Services, -   , -   , -   , 446 , -   , 446 , -   , -   , -   , -   , -   , -   , 446 ,,,,,,,,,,,,,,,,,,,,,,,,,,,,,,,,,,,,,,,,
12. Other (State Type Below), -   , -   , -   , -   , -   , -   , -   , -   , -   , -   , -   , -   , -   ,,,,,,,,,,,,,,,,,,,,,,,,,,,,,,,,,,,,,,,,
     TOTAL, -   , -   ," 1,747 "," 10,021 "," 2,466 "," 14,234 ", 455 , -   , 397 , -   , -   , 852 ," 15,086 ",,,,,,,,,,,,,,,,,,,,,,,,,,,,,,,,,,,,,,,,
Other (Explanations): ,,,,,,,,,,,,,,,,,,,,,,,,,,,,,,,,,,,,,,,,,,,,,,,,,,,,,
,,,,,,,,,,,,,,,,,,,,,,,,,,,,,,,,,,,,,,,,,,,,,,,,,,,,,
,,,,,,,,,,,,,,,,,,,,,,,,,,,,,,,,,,,,,,,,,,,,,,,,,,,,,
Oklahoma Area Federal,,,,,,,,,,,,,,,,,,,,,,,,,,,,,,,,,,,,,,,,,,,,,,,,,,,,,
Table 3A,PRC Deferrals - Preventive Services,,,,,,,,,,,,,,,,,,,,,,,,,,,,,,,,,,,,,,,,,,,,,,,,,,,,
,,,,,,,,,,,,,,,,,,,,,,,,,,,,,,,,,,,,,,,,,,,,,,,,,,,,,
,FY 2019,,,,,,,,,,,,,,,,,,,,,,,,,,,,,,,,,,,,,,,,,,,,,,,,,,,,
,,,,,,,,,,,,,,,,,,,,,,,,,,,,,,,,,,,,,,,,,,,,,,,,,,,,,
,,,,,,,,,,,,,,,,,,,,,,,,,,,,,,,,,,,,,,,,,,,,,,,,,,,,,
Oklahoma Area Federal and Tribal PRC Deferrals - Preventive Services,Federal PRC Programs,,,,,,,,,Tribal PRC Programs,,,,,,,,,,,,,,,,,,,,,,,,,,,,,,,,,,,,,,,,,,,
,(b) (6) ,(b) (6) ,(b) (6) ,(b) (6) ,(b) (6) ,(b) (6) ,(b) (6) ,(b) (6) ,Federal Sub Total,(b) (6) ,(b) (6) ,(b) (6) ,(b) (6) ,(b) (6) ,(b) (6) ,,,,,,,,,Tribal Sub Total,I.H.S. Offices TOTAL,,,,,,,,,,,,,,,,,,,,,,,,,,,,
1. Audiology Evaluations and Hearing Aids , -   ,,, 134 , 2 , -   , -   , -   , 136 , 33 , -   , -   , -   , -   , -   , -   , -   , -   , -   , -   , -   , -   , -   , 33 , 169 ,,,,,,,,,,,,,,,,,,,,,,,,,,,,
"2. Allergy Testing, Injections, etc.", 46 ,,, -   , 5 , 1 , -   , -   , 52 , 93 , -   , -   , -   , -   , -   , -   , -   , -   , -   , -   , -   , -   , -   , 93 , 145 ,,,,,,,,,,,,,,,,,,,,,,,,,,,,
3. Antenatal screening , -   ,,, -   ,, -   , -   , -   , -   , -   , -   , -   , -   , -   , -   , -   , -   , -   , -   , -   , -   , -   , -   , -   , -   ,,,,,,,,,,,,,,,,,,,,,,,,,,,,
4. Dental Hygiene (Teeth Cleaning), -   ,,, -   ,, -   , -   , -   , -   , 3 , -   , -   , -   , -   , -   , -   , -   , -   , -   , -   , -   , -   , -   , 3 , 3 ,,,,,,,,,,,,,,,,,,,,,,,,,,,,
5. Family Planning Services: Vasectomies, 3 ,,, -   ,, -   , -   , -   , 3 , 1 , -   , -   , -   , -   , -   , -   , -   , -   , -   , -   , -   , -   , -   , 1 , 4 ,,,,,,,,,,,,,,,,,,,,,,,,,,,,
Family Planning Services: Tubal Ligations, -   ,,, -   ,, -   , -   , -   , -   , -   , -   , -   , -   , -   , -   , -   , -   , -   , -   , -   , -   , -   , -   , -   , -   ,,,,,,,,,,,,,,,,,,,,,,,,,,,,
6. Mammograms, -   ,,, -   ,, -   , -   , -   , -   , 3 , -   , -   , -   , -   , -   , -   , -   , -   , -   , -   , -   , -   , -   , 3 , 3 ,,,,,,,,,,,,,,,,,,,,,,,,,,,,
7. Podiatry Care for Diabetics, -   ,,, -   , 4 , -   , -   , -   , 4 , -   , -   , -   , 959 , -   , -   , -   , -   , -   , -   , -   , -   , -   , -   , 959 , 963 ,,,,,,,,,,,,,,,,,,,,,,,,,,,,
8. Physical Therapy, -   ,, 3 , -   ,, 3 , -   , -   , 6 , 50 , -   , -   , -   , -   , -   , -   , -   , -   , -   , -   , -   , -   , -   , 50 , 56 ,,,,,,,,,,,,,,,,,,,,,,,,,,,,
9. Pap Smears, -   ,,, -   ,, -   , -   , -   , -   , -   , -   , -   , -   , -   , -   , -   , -   , -   , -   , -   , -   , -   , -   , -   , -   ,,,,,,,,,,,,,,,,,,,,,,,,,,,,
"10. Refractions, Glasses, Contact Lenses",,,, -   ,, -   , -   , -   , -   , -   , -   , -   , -   , -   , -   , -   , -   , -   , -   , -   , -   , -   , -   , -   , -   ,,,,,,,,,,,,,,,,,,,,,,,,,,,,
11. Sexually Transmitted Disease Services, -   ,,, -   ,, -   , -   , -   , -   , 6 , -   , -   , -   , -   , -   , -   , -   , -   , -   , -   , -   , -   , -   , 6 , 6 ,,,,,,,,,,,,,,,,,,,,,,,,,,,,
12. Other (State Type Below), -   ,, 1 ,, 261 , 92 , -   , -   , 354 , -   , -   , -   , -   , -   , -   , -   , -   , -   , -   , -   , -   , -   , -   , -   , 354 ,,,,,,,,,,,,,,,,,,,,,,,,,,,,
     TOTAL, 49 , -   , 4 , 134 , 272 , 96 , -   , -   , 555 , 189 , -   , -   , 959 , -   , -   , -   , -   , -   , -   , -   , -   , -   , -   ," 1,148 "," 1,703 ",,,,,,,,,,,,,,,,,,,,,,,,,,,,
Other (Explanations):  ,,,,,,,,,,,,,,,,,,,,,,,,,,,,,,,,,,,,,,,,,,,,,,,,,,,,,
(b) (6) #5,Sleep Studies,,,,,,,,,,,,,,,,,,,,,,,,,,,,,,,,,,,,,,,,,,,,,,,,,,,,
,Pain Management,,,,,,,,,,,,,,,,,,,,,,,,,,,,,,,,,,,,,,,,,,,,,,,,,,,,
,Transgender,,,,,,,,,,,,,,,,,,,,,,,,,,,,,,,,,,,,,,,,,,,,,,,,,,,,
,Vestibular rehab,,,,,,,,,,,,,,,,,,,,,,,,,,,,,,,,,,,,,,,,,,,,,,,,,,,,
(b) (6)  #6,Sleep Studies,,,,,,,,,,,,,,,,,,,,,,,,,,,,,,,,,,,,,,,,,,,,,,,,,,,,
,Pain Management,,,,,,,,,,,,,,,,,,,,,,,,,,,,,,,,,,,,,,,,,,,,,,,,,,,,
,,,,,,,,,,,,,,,,,,,,,,,,,,,,,,,,,,,,,,,,,,,,,,,,,,,,,
,,,,,,,,,,,,,,,,,,,,,,,,,,,,,,,,,,,,,,,,,,,,,,,,,,,,,
,,,,,,,,,,,,,,,,,,,,,,,,,,,,,,,,,,,,,,,,,,,,,,,,,,,,,
,,,,,,,,,,,,,,,,,,,,,,,,,,,,,,,,,,,,,,,,,,,,,,,,,,,,,
Phoenix Area Federal,,,,,,,,,,,,,,,,,,,,,,,,,,,,,,,,,,,,,,,,,,,,,,,,,,,,,
Table 3A,PRC Deferrals - Preventive Services,,,,,,,,,,,,,,,,,,,,,,,,,,,,,,,,,,,,,,,,,,,,,,,,,,,,
,,,,,,,,,,,,,,,,,,,,,,,,,,,,,,,,,,,,,,,,,,,,,,,,,,,,,
Phoenix Area Federal and Tribal PRC Deferrals - Preventive Services,FY 2019,,,,,,,,,,,,,,,,,,,,,,,,,,,,,,,,,,,,,,,,,,,,,,,,,,,,
,,,,,,,,,,,,,,,,,,,,,,,,,,,,,,,,,,,,,,,,,,,,,,,,,,,,,
,,,,,,,,,,,,,,,,,,,,,,,,,,,,,,,,,,,,,,,,,,,,,,,,,,,,,
Categories,Federal PRC Programs,,,,,,,,,,,,,,Tribal PRC Programs,,,,,,,,,,,,,,,,,,,,,,,,,,,,,,,,,,,,,,
,(b) (6) ,(b) (6) ,(b) (6) ,(b) (6) ,(b) (6) ,(b) (6) ,(b) (6) ,(b) (6) ,(b) (6) ,(b) (6) ,(b) (6) ,(b) (6) ,(b) (6) ,Federal Sub Total,(b) (6) ,(b) (6) ,(b) (6) ,(b) (6) ,(b) (6) ,(b) (6) ,(b) (6) ,(b) (6) ,(b) (6) ,(b) (6) ,(b) (6) ,(b) (6) ,(b) (6) ,(b) (6) ,(b) (6) ,(b) (6) ,Tribal Sub Total,I.H.S. Offices TOTAL,,,,,,,,,,,,,,,,,,,,,
1. Audiology Evaluations and Hearing Aids , -   , -   , -   , -   , -   , -   , -   , -   , -   , -   , -   , -   , -   , -   , -   , -   , -   , -   , -   , -   , -   , -   , -   , -   , -   , -   , -   , -   , -   , -   , -   , -   ,,,,,,,,,,,,,,,,,,,,,
"2. Allergy Testing, Injections, etc.", -   , -   , -   , -   , -   , -   , -   , -   , -   , -   , -   , -   , -   , -   , -   , -   , -   , -   , -   , -   , -   , -   , -   , -   , -   , -   , -   , -   , -   , -   , -   , -   ,,,,,,,,,,,,,,,,,,,,,
3. Antenatal screening , -   , -   , -   , -   , -   , -   , -   , -   , -   , -   , -   , -   , -   , -   , -   , -   , -   , -   , -   , -   , -   , -   , -   , -   , -   , -   , -   , -   , -   , -   , -   , -   ,,,,,,,,,,,,,,,,,,,,,
4. Dental Hygiene (Teeth Cleaning), -   , -   , -   , -   , -   , -   , -   , -   , -   , -   , -   , -   , -   , -   , -   , -   , -   , -   , -   , -   , -   , -   , -   , -   , -   , -   , -   , -   , -   , -   , -   , -   ,,,,,,,,,,,,,,,,,,,,,
5. Family Planning Services: Vasectomies, -   , -   , -   , -   , -   , -   , -   , -   , -   , -   , -   , -   , -   , -   , -   , -   , -   , -   , -   , -   , -   , -   , -   , -   , -   , -   , -   , -   , -   , -   , -   , -   ,,,,,,,,,,,,,,,,,,,,,
Family Planning Services: Tubal Ligations, -   , -   , -   , -   , -   , -   , -   , -   , -   , -   , -   , -   , -   , -   , -   , -   , -   , -   , -   , -   , -   , -   , -   , -   , -   , -   , -   , -   , -   , -   , -   , -   ,,,,,,,,,,,,,,,,,,,,,
6. Mammograms, -   , -   , -   , -   , -   , -   , -   , -   , -   , -   , -   , -   , -   , -   , -   , -   , -   , -   , -   , -   , -   , -   , -   , -   , -   , -   , -   , -   , -   , -   , -   , -   ,,,,,,,,,,,,,,,,,,,,,
7. Podiatry Care for Diabetics, -   , -   , -   , -   , -   , -   , -   , -   , -   , -   , -   , -   , -   , -   , -   , -   , -   , -   , -   , -   , -   , -   , -   , -   , -   , -   , -   , -   , -   , -   , -   , -   ,,,,,,,,,,,,,,,,,,,,,
8. Physical Therapy, -   , -   , -   , -   , -   , -   , -   , -   , -   , -   , -   , -   , -   , -   , -   , -   , -   , -   , -   , -   , -   , -   , -   , -   , -   , -   , -   , -   , -   , -   , -   , -   ,,,,,,,,,,,,,,,,,,,,,
9. Pap Smears, -   , -   , -   , -   , -   , -   , -   , -   , -   , -   , -   , -   , -   , -   , -   , -   , -   , -   , -   , -   , -   , -   , -   , -   , -   , -   , -   , -   , -   , -   , -   , -   ,,,,,,,,,,,,,,,,,,,,,
"10. Refractions, Glasses, Contact Lenses", -   , -   , -   , -   , -   , -   , -   , -   , -   , -   , -   , -   , -   , -   , -   , -   , -   , -   , -   , -   , -   , -   , -   , -   , -   , -   , -   , -   , -   , -   , -   , -   ,,,,,,,,,,,,,,,,,,,,,
11. Sexually Transmitted Disease Services, -   , -   , -   , -   , -   , -   , -   , -   , -   , -   , -   , -   , -   , -   , -   , -   , -   , -   , -   , -   , -   , -   , -   , -   , -   , -   , -   , -   , -   , -   , -   , -   ,,,,,,,,,,,,,,,,,,,,,
12. Other (State Type Below), -   , -   , -   , -   , -   , -   , -   , -   , -   , -   , -   , -   , -   , -   , -   , -   , -   , -   , -   , -   , -   , -   , -   , -   , -   , -   , -   , -   , -   , -   , -   , -   ,,,,,,,,,,,,,,,,,,,,,
     TOTAL, -   , -   , -   , -   , -   , -   , -   , -   , -   , -   , -   , -   , -   , -   , -   , -   , -   , -   , -   , -   , -   , -   , -   , -   , -   , -   , -   , -   , -   , -   , -   , -   ,,,,,,,,,,,,,,,,,,,,,
Other (Explanations): ,,,,,,,,,,,,,,,,,,,,,,,,,,,,,,,,,,,,,,,,,,,,,,,,,,,,,
,,,,,,,,,,,,,,,,,,,,,,,,,,,,,,,,,,,,,,,,,,,,,,,,,,,,,
,,,,,,,,,,,,,,,,,,,,,,,,,,,,,,,,,,,,,,,,,,,,,,,,,,,,,
Portland Area Federal,,,,,,,,,,,,,,,,,,,,,,,,,,,,,,,,,,,,,,,,,,,,,,,,,,,,,
Table 3A,PRC Deferrals - Preventive Services,,,,,,,,,,,,,,,,,,,,,,,,,,,,,,,,,,,,,,,,,,,,,,,,,,,,
,,,,,,,,,,,,,,,,,,,,,,,,,,,,,,,,,,,,,,,,,,,,,,,,,,,,,
Portland Area Federal and Tribal PRC Deferrals - Preventive Services,FY 2019,,,,,,,,,,,,,,,,,,,,,,,,,,,,,,,,,,,,,,,,,,,,,,,,,,,,
,,,,,,,,,,,,,,,,,,,,,,,,,,,,,,,,,,,,,,,,,,,,,,,,,,,,,
,,,,,,,,,,,,,,,,,,,,,,,,,,,,,,,,,,,,,,,,,,,,,,,,,,,,,
Categories,Federal PRC Programs,,,,,Tribal PRC Program,,,,,,,,,,,,,,,,,,,,,,,,,,,,,,,,,,,,,,,,,,,,,,,
,(b) (6) ,(b) (6) ,(b) (6) ,(b) (6) ,Federal Sub Total,(b) (6) ,(b) (6) ,(b) (6) ,(b) (6) ,Tribal Sub Total,I.H.S. Offices TOTAL,,,,,,,,,,,,,,,,,,,,,,,,,,,,,,,,,,,,,,,,,,
1. Audiology Evaluations and Hearing Aids , -   , -   , -   , -   , -   , -   , -   , -   , -   , -   , -   ,,,,,,,,,,,,,,,,,,,,,,,,,,,,,,,,,,,,,,,,,,
"2. Allergy Testing, Injections, etc.", -   , -   , -   , -   , -   , -   , -   , -   , -   , -   , -   ,,,,,,,,,,,,,,,,,,,,,,,,,,,,,,,,,,,,,,,,,,
3. Antenatal screening , -   , -   , -   , -   , -   , -   , -   , -   , -   , -   , -   ,,,,,,,,,,,,,,,,,,,,,,,,,,,,,,,,,,,,,,,,,,
4. Dental Hygiene (Teeth Cleaning), -   , -   , -   , -   , -   , -   , -   , -   , -   , -   , -   ,,,,,,,,,,,,,,,,,,,,,,,,,,,,,,,,,,,,,,,,,,
5. Family Planning Services: Vasectomies, -   , -   , -   , -   , -   , -   , -   , -   , -   , -   , -   ,,,,,,,,,,,,,,,,,,,,,,,,,,,,,,,,,,,,,,,,,,
Family Planning Services: Tubal Ligations, -   , -   , -   , -   , -   , -   , -   , -   , -   , -   , -   ,,,,,,,,,,,,,,,,,,,,,,,,,,,,,,,,,,,,,,,,,,
6. Mammograms, -   , -   , -   , -   , -   , -   , -   , -   , -   , -   , -   ,,,,,,,,,,,,,,,,,,,,,,,,,,,,,,,,,,,,,,,,,,
7. Podiatry Care for Diabetics, -   , -   , -   , -   , -   , -   , -   , -   , -   , -   , -   ,,,,,,,,,,,,,,,,,,,,,,,,,,,,,,,,,,,,,,,,,,
8. Physical Therapy, -   , -   , -   , -   , -   , -   , -   , -   , -   , -   , -   ,,,,,,,,,,,,,,,,,,,,,,,,,,,,,,,,,,,,,,,,,,
9. Pap Smears, -   , -   , -   , -   , -   , -   , -   , -   , -   , -   , -   ,,,,,,,,,,,,,,,,,,,,,,,,,,,,,,,,,,,,,,,,,,
"10. Refractions, Glasses, Contact Lenses", -   , -   , -   , -   , -   , -   , -   , -   , -   , -   , -   ,,,,,,,,,,,,,,,,,,,,,,,,,,,,,,,,,,,,,,,,,,
11. Sexually Transmitted Disease Services, -   , -   , -   , -   , -   , -   , -   , -   , -   , -   , -   ,,,,,,,,,,,,,,,,,,,,,,,,,,,,,,,,,,,,,,,,,,
12. Other (State Type Below), -   , -   , -   , -   , -   , -   , -   , -   , -   , -   , -   ,,,,,,,,,,,,,,,,,,,,,,,,,,,,,,,,,,,,,,,,,,
     TOTAL, -   , -   , -   , -   , -   , -   , -   , -   , -   , -   , -   ,,,,,,,,,,,,,,,,,,,,,,,,,,,,,,,,,,,,,,,,,,
Other (Explanations):  ,,,,,,,,,,,,,,,,,,,,,,,,,,,,,,,,,,,,,,,,,,,,,,,,,,,,,
,,,,,,,,,,,,,,,,,,,,,,,,,,,,,,,,,,,,,,,,,,,,,,,,,,,,,
,,,,,,,,,,,,,,,,,,,,,,,,,,,,,,,,,,,,,,,,,,,,,,,,,,,,,
,,,,,,,,,,,,,,,,,,,,,,,,,,,,,,,,,,,,,,,,,,,,,,,,,,,,,
Tucson Area Federal,,,,,,,,,,,,,,,,,,,,,,,,,,,,,,,,,,,,,,,,,,,,,,,,,,,,,
Table 3A,PRC Deferrals - Preventive Services,,,,,,,,,,,,,,,,,,,,,,,,,,,,,,,,,,,,,,,,,,,,,,,,,,,,
,,,,,,,,,,,,,,,,,,,,,,,,,,,,,,,,,,,,,,,,,,,,,,,,,,,,,
,FY 2019,,,,,,,,,,,,,,,,,,,,,,,,,,,,,,,,,,,,,,,,,,,,,,,,,,,,
,,,,,,,,,,,,,,,,,,,,,,,,,,,,,,,,,,,,,,,,,,,,,,,,,,,,,
,,,,,,,,,,,,,,,,,,,,,,,,,,,,,,,,,,,,,,,,,,,,,,,,,,,,,
Categories,Federal PRC Programs,,,Tribal PRC Programs,,,Tribal Sub Total,I.H.S. Offices TOTAL,,,,,,,,,,,,,,,,,,,,,,,,,,,,,,,,,,,,,,,,,,,,,
,,,Federal Sub Total,*Pascua Yaqui Tribe,,,,,,,,,,,,,,,,,,,,,,,,,,,,,,,,,,,,,,,,,,,,,,,,,
1. Audiology Evaluations and Hearing Aids , -   , -   , -   , -   , -   , -   , -   , -   ,,,,,,,,,,,,,,,,,,,,,,,,,,,,,,,,,,,,,,,,,,,,,
"2. Allergy Testing, Injections, etc.", -   , -   , -   , -   , -   , -   , -   , -   ,,,,,,,,,,,,,,,,,,,,,,,,,,,,,,,,,,,,,,,,,,,,,
3. Antenatal screening , -   , -   , -   , -   , -   , -   , -   , -   ,,,,,,,,,,,,,,,,,,,,,,,,,,,,,,,,,,,,,,,,,,,,,
4. Dental Hygiene (Teeth Cleaning), -   , -   , -   , -   , -   , -   , -   , -   ,,,,,,,,,,,,,,,,,,,,,,,,,,,,,,,,,,,,,,,,,,,,,
5. Family Planning Services: Vasectomies, -   , -   , -   , -   , -   , -   , -   , -   ,,,,,,,,,,,,,,,,,,,,,,,,,,,,,,,,,,,,,,,,,,,,,
Family Planning Services: Tubal Ligations, -   , -   , -   , -   , -   , -   , -   , -   ,,,,,,,,,,,,,,,,,,,,,,,,,,,,,,,,,,,,,,,,,,,,,
6. Mammograms, -   , -   , -   , -   , -   , -   , -   , -   ,,,,,,,,,,,,,,,,,,,,,,,,,,,,,,,,,,,,,,,,,,,,,
7. Podiatry Care for Diabetics, -   , -   , -   , -   , -   , -   , -   , -   ,,,,,,,,,,,,,,,,,,,,,,,,,,,,,,,,,,,,,,,,,,,,,
8. Physical Therapy, -   , -   , -   , -   , -   , -   , -   , -   ,,,,,,,,,,,,,,,,,,,,,,,,,,,,,,,,,,,,,,,,,,,,,
9. Pap Smears, -   , -   , -   , -   , -   , -   , -   , -   ,,,,,,,,,,,,,,,,,,,,,,,,,,,,,,,,,,,,,,,,,,,,,
"10. Refractions, Glasses, Contact Lenses", -   , -   , -   , -   , -   , -   , -   , -   ,,,,,,,,,,,,,,,,,,,,,,,,,,,,,,,,,,,,,,,,,,,,,
11. Sexually Transmitted Disease Services, -   , -   , -   , -   , -   , -   , -   , -   ,,,,,,,,,,,,,,,,,,,,,,,,,,,,,,,,,,,,,,,,,,,,,
12. Other (State Type Below), -   , -   , -   , -   , -   , -   , -   , -   ,,,,,,,,,,,,,,,,,,,,,,,,,,,,,,,,,,,,,,,,,,,,,
     TOTAL, -   , -   , -   , -   , -   , -   , -   , -   ,,,,,,,,,,,,,,,,,,,,,,,,,,,,,,,,,,,,,,,,,,,,,
*UNABLE TO REPORT STATISTICS DUE TO CHSMS SYSTEM BEING DOWN. ,,,,,,,,,,,,,,,,,,,,,,,,,,,,,,,,,,,,,,,,,,,,,,,,,,,,,
