"YEAR","DON_HOSPITAL_STATE","DON_DEATH_MECH","N_DONORS","PCT_OF_DONORS"
2018,"AK","5: CARDIOVASCULAR",4,0.210526315789474
2018,"AK","11: INTRACRANIAL HEMORRHAGE/STROKE",3,0.157894736842105
2018,"AK","3: DRUG INTOXICATION",3,0.157894736842105
2018,"AK","12: DEATH FROM NATURAL CAUSES",2,0.105263157894737
2018,"AK","7: GUNSHOT WOUND",2,0.105263157894737
2018,"AK","9: BLUNT INJURY",2,0.105263157894737
2018,"AL","11: INTRACRANIAL HEMORRHAGE/STROKE",38,0.304
2018,"AL","7: GUNSHOT WOUND",23,0.184
2018,"AL","5: CARDIOVASCULAR",16,0.128
2018,"AL","9: BLUNT INJURY",16,0.128
2018,"AR","11: INTRACRANIAL HEMORRHAGE/STROKE",13,0.26
2018,"AR","9: BLUNT INJURY",13,0.26
2018,"AR","7: GUNSHOT WOUND",9,0.18
2018,"AR","3: DRUG INTOXICATION",7,0.14
2018,"AR","5: CARDIOVASCULAR",4,0.08
2018,"AZ","9: BLUNT INJURY",41,0.238372093023256
2018,"AZ","11: INTRACRANIAL HEMORRHAGE/STROKE",32,0.186046511627907
2018,"AZ","3: DRUG INTOXICATION",28,0.162790697674419
2018,"AZ","5: CARDIOVASCULAR",26,0.151162790697674
2018,"AZ","7: GUNSHOT WOUND",17,0.0988372093023256
2018,"CA","11: INTRACRANIAL HEMORRHAGE/STROKE",221,0.324522760646109
2018,"CA","5: CARDIOVASCULAR",138,0.202643171806167
2018,"CA","9: BLUNT INJURY",138,0.202643171806167
2018,"CA","4: ASPHYXIATION",57,0.0837004405286344
2018,"CA","7: GUNSHOT WOUND",49,0.0719530102790015
2018,"CO","9: BLUNT INJURY",20,0.235294117647059
2018,"CO","11: INTRACRANIAL HEMORRHAGE/STROKE",18,0.211764705882353
2018,"CO","7: GUNSHOT WOUND",13,0.152941176470588
2018,"CO","3: DRUG INTOXICATION",10,0.117647058823529
2018,"CO","4: ASPHYXIATION",10,0.117647058823529
2018,"CT","11: INTRACRANIAL HEMORRHAGE/STROKE",17,0.314814814814815
2018,"CT","3: DRUG INTOXICATION",16,0.296296296296296
2018,"CT","5: CARDIOVASCULAR",11,0.203703703703704
2018,"CT","9: BLUNT INJURY",5,0.0925925925925926
2018,"CT","4: ASPHYXIATION",4,0.0740740740740741
2018,"DC","11: INTRACRANIAL HEMORRHAGE/STROKE",9,0.28125
2018,"DC","5: CARDIOVASCULAR",8,0.25
2018,"DC","9: BLUNT INJURY",8,0.25
2018,"DC","7: GUNSHOT WOUND",3,0.09375
2018,"DE","3: DRUG INTOXICATION",12,0.260869565217391
2018,"DE","5: CARDIOVASCULAR",12,0.260869565217391
2018,"DE","9: BLUNT INJURY",11,0.239130434782609
2018,"DE","11: INTRACRANIAL HEMORRHAGE/STROKE",5,0.108695652173913
2018,"DE","4: ASPHYXIATION",3,0.0652173913043478
2018,"FL","11: INTRACRANIAL HEMORRHAGE/STROKE",140,0.262172284644195
2018,"FL","9: BLUNT INJURY",124,0.232209737827715
2018,"FL","3: DRUG INTOXICATION",102,0.191011235955056
2018,"FL","5: CARDIOVASCULAR",73,0.136704119850187
2018,"FL","7: GUNSHOT WOUND",37,0.0692883895131086
2018,"GA","11: INTRACRANIAL HEMORRHAGE/STROKE",82,0.351931330472103
2018,"GA","9: BLUNT INJURY",52,0.223175965665236
2018,"GA","5: CARDIOVASCULAR",33,0.141630901287554
2018,"GA","7: GUNSHOT WOUND",30,0.128755364806867
2018,"GA","3: DRUG INTOXICATION",20,0.0858369098712446
2018,"HI","11: INTRACRANIAL HEMORRHAGE/STROKE",7,0.368421052631579
2018,"HI","4: ASPHYXIATION",3,0.157894736842105
2018,"HI","5: CARDIOVASCULAR",2,0.105263157894737
2018,"HI","8: STAB",2,0.105263157894737
2018,"HI","9: BLUNT INJURY",2,0.105263157894737
2018,"IA","9: BLUNT INJURY",14,0.259259259259259
2018,"IA","11: INTRACRANIAL HEMORRHAGE/STROKE",12,0.222222222222222
2018,"IA","3: DRUG INTOXICATION",7,0.12962962962963
2018,"IA","12: DEATH FROM NATURAL CAUSES",6,0.111111111111111
2018,"ID","5: CARDIOVASCULAR",6,0.2
2018,"ID","9: BLUNT INJURY",6,0.2
2018,"ID","11: INTRACRANIAL HEMORRHAGE/STROKE",4,0.133333333333333
2018,"ID","3: DRUG INTOXICATION",4,0.133333333333333
2018,"IL","11: INTRACRANIAL HEMORRHAGE/STROKE",96,0.309677419354839
2018,"IL","5: CARDIOVASCULAR",63,0.203225806451613
2018,"IL","9: BLUNT INJURY",55,0.17741935483871
2018,"IL","3: DRUG INTOXICATION",39,0.125806451612903
2018,"IL","4: ASPHYXIATION",22,0.0709677419354839
2018,"IN","11: INTRACRANIAL HEMORRHAGE/STROKE",38,0.256756756756757
2018,"IN","5: CARDIOVASCULAR",33,0.222972972972973
2018,"IN","3: DRUG INTOXICATION",25,0.168918918918919
2018,"IN","9: BLUNT INJURY",20,0.135135135135135
2018,"IN","7: GUNSHOT WOUND",18,0.121621621621622
2018,"KS","11: INTRACRANIAL HEMORRHAGE/STROKE",22,0.293333333333333
2018,"KS","9: BLUNT INJURY",18,0.24
2018,"KS","5: CARDIOVASCULAR",8,0.106666666666667
2018,"KS","7: GUNSHOT WOUND",8,0.106666666666667
2018,"KS","997: NONE OF THE ABOVE",7,0.0933333333333333
2018,"KY","3: DRUG INTOXICATION",18,0.222222222222222
2018,"KY","11: INTRACRANIAL HEMORRHAGE/STROKE",14,0.172839506172839
2018,"KY","9: BLUNT INJURY",14,0.172839506172839
2018,"KY","7: GUNSHOT WOUND",13,0.160493827160494
2018,"KY","5: CARDIOVASCULAR",12,0.148148148148148
2018,"LA","11: INTRACRANIAL HEMORRHAGE/STROKE",46,0.27710843373494
2018,"LA","5: CARDIOVASCULAR",31,0.186746987951807
2018,"LA","3: DRUG INTOXICATION",30,0.180722891566265
2018,"LA","9: BLUNT INJURY",26,0.156626506024096
2018,"LA","7: GUNSHOT WOUND",21,0.126506024096386
2018,"MA","3: DRUG INTOXICATION",46,0.317241379310345
2018,"MA","5: CARDIOVASCULAR",39,0.268965517241379
2018,"MA","11: INTRACRANIAL HEMORRHAGE/STROKE",27,0.186206896551724
2018,"MA","9: BLUNT INJURY",15,0.103448275862069
2018,"MA","4: ASPHYXIATION",11,0.0758620689655172
2018,"MD","3: DRUG INTOXICATION",45,0.286624203821656
2018,"MD","11: INTRACRANIAL HEMORRHAGE/STROKE",36,0.229299363057325
2018,"MD","5: CARDIOVASCULAR",34,0.21656050955414
2018,"MD","9: BLUNT INJURY",17,0.10828025477707
2018,"MD","7: GUNSHOT WOUND",10,0.0636942675159236
2018,"ME","11: INTRACRANIAL HEMORRHAGE/STROKE",8,0.333333333333333
2018,"ME","5: CARDIOVASCULAR",6,0.25
2018,"ME","3: DRUG INTOXICATION",4,0.166666666666667
2018,"ME","9: BLUNT INJURY",3,0.125
2018,"ME","7: GUNSHOT WOUND",2,0.0833333333333333
2018,"MI","3: DRUG INTOXICATION",47,0.211711711711712
2018,"MI","11: INTRACRANIAL HEMORRHAGE/STROKE",46,0.207207207207207
2018,"MI","9: BLUNT INJURY",39,0.175675675675676
2018,"MI","5: CARDIOVASCULAR",38,0.171171171171171
2018,"MI","4: ASPHYXIATION",19,0.0855855855855856
2018,"MN","11: INTRACRANIAL HEMORRHAGE/STROKE",29,0.325842696629214
2018,"MN","9: BLUNT INJURY",21,0.235955056179775
2018,"MN","5: CARDIOVASCULAR",14,0.157303370786517
2018,"MN","3: DRUG INTOXICATION",8,0.0898876404494382
2018,"MN","4: ASPHYXIATION",8,0.0898876404494382
2018,"MO","11: INTRACRANIAL HEMORRHAGE/STROKE",46,0.210045662100457
2018,"MO","3: DRUG INTOXICATION",40,0.182648401826484
2018,"MO","5: CARDIOVASCULAR",33,0.150684931506849
2018,"MO","9: BLUNT INJURY",33,0.150684931506849
2018,"MO","7: GUNSHOT WOUND",24,0.10958904109589
2018,"MS","11: INTRACRANIAL HEMORRHAGE/STROKE",33,0.44
2018,"MS","5: CARDIOVASCULAR",12,0.16
2018,"MS","7: GUNSHOT WOUND",12,0.16
2018,"MS","9: BLUNT INJURY",12,0.16
2018,"MT","4: ASPHYXIATION",6,0.260869565217391
2018,"MT","9: BLUNT INJURY",6,0.260869565217391
2018,"MT","11: INTRACRANIAL HEMORRHAGE/STROKE",4,0.173913043478261
2018,"MT","12: DEATH FROM NATURAL CAUSES",3,0.130434782608696
2018,"MT","5: CARDIOVASCULAR",2,0.0869565217391304
2018,"NC","11: INTRACRANIAL HEMORRHAGE/STROKE",60,0.310880829015544
2018,"NC","9: BLUNT INJURY",36,0.186528497409326
2018,"NC","3: DRUG INTOXICATION",31,0.160621761658031
2018,"NC","7: GUNSHOT WOUND",28,0.145077720207254
2018,"NC","5: CARDIOVASCULAR",20,0.103626943005181
2018,"ND","11: INTRACRANIAL HEMORRHAGE/STROKE",5,0.333333333333333
2018,"ND","9: BLUNT INJURY",5,0.333333333333333
2018,"ND","5: CARDIOVASCULAR",2,0.133333333333333
2018,"ND","3: DRUG INTOXICATION",1,0.0666666666666667
2018,"ND","4: ASPHYXIATION",1,0.0666666666666667
2018,"ND","7: GUNSHOT WOUND",1,0.0666666666666667
2018,"NE","11: INTRACRANIAL HEMORRHAGE/STROKE",11,0.261904761904762
2018,"NE","9: BLUNT INJURY",10,0.238095238095238
2018,"NE","12: DEATH FROM NATURAL CAUSES",7,0.166666666666667
2018,"NE","4: ASPHYXIATION",5,0.119047619047619
2018,"NE","5: CARDIOVASCULAR",4,0.0952380952380952
2018,"NH","3: DRUG INTOXICATION",5,0.263157894736842
2018,"NH","9: BLUNT INJURY",5,0.263157894736842
2018,"NH","5: CARDIOVASCULAR",4,0.210526315789474
2018,"NH","7: GUNSHOT WOUND",4,0.210526315789474
2018,"NH","4: ASPHYXIATION",1,0.0526315789473684
2018,"NJ","3: DRUG INTOXICATION",58,0.381578947368421
2018,"NJ","5: CARDIOVASCULAR",31,0.203947368421053
2018,"NJ","11: INTRACRANIAL HEMORRHAGE/STROKE",30,0.197368421052632
2018,"NJ","9: BLUNT INJURY",15,0.0986842105263158
2018,"NM","11: INTRACRANIAL HEMORRHAGE/STROKE",11,0.333333333333333
2018,"NM","9: BLUNT INJURY",8,0.242424242424242
2018,"NM","7: GUNSHOT WOUND",4,0.121212121212121
2018,"NM","997: NONE OF THE ABOVE",4,0.121212121212121
2018,"NM","3: DRUG INTOXICATION",3,0.0909090909090909
2018,"NV","11: INTRACRANIAL HEMORRHAGE/STROKE",36,0.274809160305344
2018,"NV","9: BLUNT INJURY",30,0.229007633587786
2018,"NV","5: CARDIOVASCULAR",23,0.175572519083969
2018,"NV","7: GUNSHOT WOUND",12,0.0916030534351145
2018,"NV","3: DRUG INTOXICATION",11,0.083969465648855
2018,"NY","11: INTRACRANIAL HEMORRHAGE/STROKE",90,0.290322580645161
2018,"NY","5: CARDIOVASCULAR",71,0.229032258064516
2018,"NY","3: DRUG INTOXICATION",63,0.203225806451613
2018,"NY","9: BLUNT INJURY",42,0.135483870967742
2018,"NY","4: ASPHYXIATION",16,0.0516129032258065
2018,"OH","3: DRUG INTOXICATION",81,0.25
2018,"OH","11: INTRACRANIAL HEMORRHAGE/STROKE",66,0.203703703703704
2018,"OH","5: CARDIOVASCULAR",59,0.182098765432099
2018,"OH","9: BLUNT INJURY",41,0.126543209876543
2018,"OH","7: GUNSHOT WOUND",31,0.095679012345679
2018,"OK","11: INTRACRANIAL HEMORRHAGE/STROKE",27,0.234782608695652
2018,"OK","5: CARDIOVASCULAR",21,0.182608695652174
2018,"OK","7: GUNSHOT WOUND",21,0.182608695652174
2018,"OK","12: DEATH FROM NATURAL CAUSES",15,0.130434782608696
2018,"OK","9: BLUNT INJURY",14,0.121739130434783
2018,"OR","9: BLUNT INJURY",14,0.28
2018,"OR","11: INTRACRANIAL HEMORRHAGE/STROKE",13,0.26
2018,"OR","5: CARDIOVASCULAR",7,0.14
2018,"OR","7: GUNSHOT WOUND",7,0.14
2018,"OR","3: DRUG INTOXICATION",5,0.1
2018,"PA","11: INTRACRANIAL HEMORRHAGE/STROKE",122,0.307304785894207
2018,"PA","5: CARDIOVASCULAR",94,0.236775818639798
2018,"PA","3: DRUG INTOXICATION",81,0.204030226700252
2018,"PA","9: BLUNT INJURY",47,0.118387909319899
2018,"PA","7: GUNSHOT WOUND",31,0.0780856423173804
2018,"PR","11: INTRACRANIAL HEMORRHAGE/STROKE",45,0.6
2018,"PR","9: BLUNT INJURY",17,0.226666666666667
2018,"PR","7: GUNSHOT WOUND",7,0.0933333333333333
2018,"PR","3: DRUG INTOXICATION",3,0.04
2018,"RI","5: CARDIOVASCULAR",4,0.444444444444444
2018,"RI","11: INTRACRANIAL HEMORRHAGE/STROKE",3,0.333333333333333
2018,"RI","3: DRUG INTOXICATION",1,0.111111111111111
2018,"RI","7: GUNSHOT WOUND",1,0.111111111111111
2018,"SC","11: INTRACRANIAL HEMORRHAGE/STROKE",48,0.384
2018,"SC","9: BLUNT INJURY",29,0.232
2018,"SC","5: CARDIOVASCULAR",20,0.16
2018,"SC","3: DRUG INTOXICATION",16,0.128
2018,"SC","7: GUNSHOT WOUND",10,0.08
2018,"SD","9: BLUNT INJURY",4,0.333333333333333
2018,"SD","11: INTRACRANIAL HEMORRHAGE/STROKE",2,0.166666666666667
2018,"SD","12: DEATH FROM NATURAL CAUSES",2,0.166666666666667
2018,"SD","4: ASPHYXIATION",2,0.166666666666667
2018,"TN","11: INTRACRANIAL HEMORRHAGE/STROKE",60,0.229885057471264
2018,"TN","5: CARDIOVASCULAR",49,0.187739463601533
2018,"TN","9: BLUNT INJURY",49,0.187739463601533
2018,"TN","3: DRUG INTOXICATION",36,0.137931034482759
2018,"TN","7: GUNSHOT WOUND",33,0.126436781609195
2018,"TX","11: INTRACRANIAL HEMORRHAGE/STROKE",205,0.30688622754491
2018,"TX","9: BLUNT INJURY",152,0.227544910179641
2018,"TX","5: CARDIOVASCULAR",95,0.142215568862275
2018,"TX","7: GUNSHOT WOUND",81,0.12125748502994
2018,"TX","4: ASPHYXIATION",45,0.0673652694610778
2018,"UT","7: GUNSHOT WOUND",13,0.191176470588235
2018,"UT","11: INTRACRANIAL HEMORRHAGE/STROKE",12,0.176470588235294
2018,"UT","9: BLUNT INJURY",12,0.176470588235294
2018,"UT","5: CARDIOVASCULAR",10,0.147058823529412
2018,"UT","3: DRUG INTOXICATION",8,0.117647058823529
2018,"VA","11: INTRACRANIAL HEMORRHAGE/STROKE",48,0.331034482758621
2018,"VA","5: CARDIOVASCULAR",31,0.213793103448276
2018,"VA","9: BLUNT INJURY",27,0.186206896551724
2018,"VA","7: GUNSHOT WOUND",15,0.103448275862069
2018,"VA","3: DRUG INTOXICATION",14,0.096551724137931
2018,"VI","12: DEATH FROM NATURAL CAUSES",1,1
2018,"VT","5: CARDIOVASCULAR",3,0.75
2018,"VT","11: INTRACRANIAL HEMORRHAGE/STROKE",1,0.25
2018,"WA","11: INTRACRANIAL HEMORRHAGE/STROKE",33,0.251908396946565
2018,"WA","9: BLUNT INJURY",27,0.206106870229008
2018,"WA","3: DRUG INTOXICATION",17,0.129770992366412
2018,"WA","5: CARDIOVASCULAR",15,0.114503816793893
2018,"WA","12: DEATH FROM NATURAL CAUSES",14,0.106870229007634
2018,"WI","11: INTRACRANIAL HEMORRHAGE/STROKE",58,0.4
2018,"WI","3: DRUG INTOXICATION",29,0.2
2018,"WI","9: BLUNT INJURY",22,0.151724137931034
2018,"WI","5: CARDIOVASCULAR",14,0.096551724137931
2018,"WI","7: GUNSHOT WOUND",8,0.0551724137931034
2018,"WV","11: INTRACRANIAL HEMORRHAGE/STROKE",13,0.26
2018,"WV","7: GUNSHOT WOUND",10,0.2
2018,"WV","9: BLUNT INJURY",10,0.2
2018,"WV","3: DRUG INTOXICATION",9,0.18
2018,"WV","5: CARDIOVASCULAR",6,0.12
2018,"WY","5: CARDIOVASCULAR",3,0.6
2018,"WY","4: ASPHYXIATION",1,0.2
2018,"WY","9: BLUNT INJURY",1,0.2
2018,NA,"",339,1
2019,"AK","11: INTRACRANIAL HEMORRHAGE/STROKE",10,0.384615384615385
2019,"AK","7: GUNSHOT WOUND",6,0.230769230769231
2019,"AK","3: DRUG INTOXICATION",2,0.0769230769230769
2019,"AK","4: ASPHYXIATION",2,0.0769230769230769
2019,"AK","5: CARDIOVASCULAR",2,0.0769230769230769
2019,"AK","9: BLUNT INJURY",2,0.0769230769230769
2019,"AK","997: NONE OF THE ABOVE",2,0.0769230769230769
2019,"AL","11: INTRACRANIAL HEMORRHAGE/STROKE",41,0.280821917808219
2019,"AL","7: GUNSHOT WOUND",25,0.171232876712329
2019,"AL","9: BLUNT INJURY",23,0.157534246575342
2019,"AL","5: CARDIOVASCULAR",16,0.10958904109589
2019,"AR","11: INTRACRANIAL HEMORRHAGE/STROKE",15,0.254237288135593
2019,"AR","9: BLUNT INJURY",14,0.23728813559322
2019,"AR","7: GUNSHOT WOUND",10,0.169491525423729
2019,"AR","5: CARDIOVASCULAR",9,0.152542372881356
2019,"AZ","9: BLUNT INJURY",45,0.228426395939086
2019,"AZ","3: DRUG INTOXICATION",42,0.213197969543147
2019,"AZ","11: INTRACRANIAL HEMORRHAGE/STROKE",40,0.203045685279188
2019,"AZ","5: CARDIOVASCULAR",28,0.142131979695431
2019,"AZ","7: GUNSHOT WOUND",23,0.116751269035533
2019,"CA","11: INTRACRANIAL HEMORRHAGE/STROKE",252,0.340540540540541
2019,"CA","9: BLUNT INJURY",148,0.2
2019,"CA","5: CARDIOVASCULAR",141,0.190540540540541
2019,"CA","3: DRUG INTOXICATION",61,0.0824324324324324
2019,"CA","7: GUNSHOT WOUND",49,0.0662162162162162
2019,"CO","9: BLUNT INJURY",21,0.203883495145631
2019,"CO","11: INTRACRANIAL HEMORRHAGE/STROKE",19,0.184466019417476
2019,"CO","5: CARDIOVASCULAR",15,0.145631067961165
2019,"CO","3: DRUG INTOXICATION",13,0.12621359223301
2019,"CO","7: GUNSHOT WOUND",13,0.12621359223301
2019,"CT","3: DRUG INTOXICATION",19,0.322033898305085
2019,"CT","5: CARDIOVASCULAR",14,0.23728813559322
2019,"CT","11: INTRACRANIAL HEMORRHAGE/STROKE",10,0.169491525423729
2019,"CT","9: BLUNT INJURY",9,0.152542372881356
2019,"CT","7: GUNSHOT WOUND",4,0.0677966101694915
2019,"DC","11: INTRACRANIAL HEMORRHAGE/STROKE",10,0.3125
2019,"DC","5: CARDIOVASCULAR",7,0.21875
2019,"DC","9: BLUNT INJURY",7,0.21875
2019,"DC","3: DRUG INTOXICATION",4,0.125
2019,"DE","3: DRUG INTOXICATION",21,0.403846153846154
2019,"DE","11: INTRACRANIAL HEMORRHAGE/STROKE",11,0.211538461538462
2019,"DE","5: CARDIOVASCULAR",8,0.153846153846154
2019,"DE","9: BLUNT INJURY",7,0.134615384615385
2019,"FL","11: INTRACRANIAL HEMORRHAGE/STROKE",134,0.229059829059829
2019,"FL","9: BLUNT INJURY",129,0.220512820512821
2019,"FL","3: DRUG INTOXICATION",110,0.188034188034188
2019,"FL","5: CARDIOVASCULAR",90,0.153846153846154
2019,"FL","7: GUNSHOT WOUND",45,0.0769230769230769
2019,"GA","11: INTRACRANIAL HEMORRHAGE/STROKE",83,0.326771653543307
2019,"GA","5: CARDIOVASCULAR",68,0.267716535433071
2019,"GA","9: BLUNT INJURY",43,0.169291338582677
2019,"GA","7: GUNSHOT WOUND",28,0.110236220472441
2019,"HI","11: INTRACRANIAL HEMORRHAGE/STROKE",6,0.285714285714286
2019,"HI","9: BLUNT INJURY",5,0.238095238095238
2019,"HI","12: DEATH FROM NATURAL CAUSES",4,0.19047619047619
2019,"HI","4: ASPHYXIATION",3,0.142857142857143
2019,"HI","5: CARDIOVASCULAR",2,0.0952380952380952
2019,"IA","4: ASPHYXIATION",9,0.166666666666667
2019,"IA","7: GUNSHOT WOUND",9,0.166666666666667
2019,"IA","9: BLUNT INJURY",8,0.148148148148148
2019,"IA","12: DEATH FROM NATURAL CAUSES",7,0.12962962962963
2019,"IA","3: DRUG INTOXICATION",7,0.12962962962963
2019,"ID","9: BLUNT INJURY",6,0.214285714285714
2019,"ID","11: INTRACRANIAL HEMORRHAGE/STROKE",5,0.178571428571429
2019,"ID","3: DRUG INTOXICATION",4,0.142857142857143
2019,"ID","5: CARDIOVASCULAR",4,0.142857142857143
2019,"ID","7: GUNSHOT WOUND",4,0.142857142857143
2019,"IL","11: INTRACRANIAL HEMORRHAGE/STROKE",91,0.303333333333333
2019,"IL","5: CARDIOVASCULAR",63,0.21
2019,"IL","9: BLUNT INJURY",49,0.163333333333333
2019,"IL","3: DRUG INTOXICATION",46,0.153333333333333
2019,"IL","7: GUNSHOT WOUND",22,0.0733333333333333
2019,"IN","11: INTRACRANIAL HEMORRHAGE/STROKE",49,0.304347826086957
2019,"IN","5: CARDIOVASCULAR",43,0.267080745341615
2019,"IN","3: DRUG INTOXICATION",27,0.167701863354037
2019,"IN","9: BLUNT INJURY",16,0.0993788819875776
2019,"IN","7: GUNSHOT WOUND",12,0.0745341614906832
2019,"KS","11: INTRACRANIAL HEMORRHAGE/STROKE",27,0.3375
2019,"KS","9: BLUNT INJURY",14,0.175
2019,"KS","5: CARDIOVASCULAR",9,0.1125
2019,"KS","4: ASPHYXIATION",8,0.1
2019,"KS","7: GUNSHOT WOUND",8,0.1
2019,"KY","5: CARDIOVASCULAR",22,0.268292682926829
2019,"KY","3: DRUG INTOXICATION",18,0.219512195121951
2019,"KY","7: GUNSHOT WOUND",14,0.170731707317073
2019,"KY","11: INTRACRANIAL HEMORRHAGE/STROKE",12,0.146341463414634
2019,"KY","9: BLUNT INJURY",11,0.134146341463415
2019,"LA","11: INTRACRANIAL HEMORRHAGE/STROKE",52,0.27807486631016
2019,"LA","9: BLUNT INJURY",37,0.197860962566845
2019,"LA","5: CARDIOVASCULAR",28,0.149732620320856
2019,"LA","7: GUNSHOT WOUND",28,0.149732620320856
2019,"LA","3: DRUG INTOXICATION",21,0.112299465240642
2019,"MA","3: DRUG INTOXICATION",41,0.330645161290323
2019,"MA","11: INTRACRANIAL HEMORRHAGE/STROKE",32,0.258064516129032
2019,"MA","5: CARDIOVASCULAR",27,0.217741935483871
2019,"MA","9: BLUNT INJURY",8,0.0645161290322581
2019,"MA","4: ASPHYXIATION",6,0.0483870967741935
2019,"MD","3: DRUG INTOXICATION",42,0.289655172413793
2019,"MD","5: CARDIOVASCULAR",40,0.275862068965517
2019,"MD","11: INTRACRANIAL HEMORRHAGE/STROKE",26,0.179310344827586
2019,"MD","9: BLUNT INJURY",12,0.0827586206896552
2019,"MD","7: GUNSHOT WOUND",9,0.0620689655172414
2019,"ME","3: DRUG INTOXICATION",10,0.344827586206897
2019,"ME","11: INTRACRANIAL HEMORRHAGE/STROKE",8,0.275862068965517
2019,"ME","9: BLUNT INJURY",6,0.206896551724138
2019,"ME","5: CARDIOVASCULAR",4,0.137931034482759
2019,"ME","7: GUNSHOT WOUND",1,0.0344827586206897
2019,"MI","5: CARDIOVASCULAR",56,0.251121076233184
2019,"MI","11: INTRACRANIAL HEMORRHAGE/STROKE",48,0.2152466367713
2019,"MI","9: BLUNT INJURY",44,0.197309417040359
2019,"MI","3: DRUG INTOXICATION",35,0.15695067264574
2019,"MI","7: GUNSHOT WOUND",21,0.0941704035874439
2019,"MN","11: INTRACRANIAL HEMORRHAGE/STROKE",26,0.240740740740741
2019,"MN","9: BLUNT INJURY",20,0.185185185185185
2019,"MN","3: DRUG INTOXICATION",18,0.166666666666667
2019,"MN","4: ASPHYXIATION",13,0.12037037037037
2019,"MN","7: GUNSHOT WOUND",11,0.101851851851852
2019,"MO","11: INTRACRANIAL HEMORRHAGE/STROKE",71,0.279527559055118
2019,"MO","9: BLUNT INJURY",50,0.196850393700787
2019,"MO","7: GUNSHOT WOUND",33,0.12992125984252
2019,"MO","3: DRUG INTOXICATION",30,0.118110236220472
2019,"MO","5: CARDIOVASCULAR",26,0.102362204724409
2019,"MS","11: INTRACRANIAL HEMORRHAGE/STROKE",35,0.546875
2019,"MS","7: GUNSHOT WOUND",9,0.140625
2019,"MS","9: BLUNT INJURY",8,0.125
2019,"MS","5: CARDIOVASCULAR",5,0.078125
2019,"MS","4: ASPHYXIATION",2,0.03125
2019,"MT","11: INTRACRANIAL HEMORRHAGE/STROKE",3,0.272727272727273
2019,"MT","12: DEATH FROM NATURAL CAUSES",3,0.272727272727273
2019,"MT","9: BLUNT INJURY",3,0.272727272727273
2019,"MT","4: ASPHYXIATION",1,0.0909090909090909
2019,"MT","5: CARDIOVASCULAR",1,0.0909090909090909
2019,"NC","11: INTRACRANIAL HEMORRHAGE/STROKE",71,0.282868525896414
2019,"NC","3: DRUG INTOXICATION",51,0.203187250996016
2019,"NC","9: BLUNT INJURY",45,0.179282868525896
2019,"NC","5: CARDIOVASCULAR",38,0.151394422310757
2019,"NC","7: GUNSHOT WOUND",21,0.0836653386454183
2019,"ND","11: INTRACRANIAL HEMORRHAGE/STROKE",3,0.230769230769231
2019,"ND","7: GUNSHOT WOUND",3,0.230769230769231
2019,"ND","3: DRUG INTOXICATION",2,0.153846153846154
2019,"ND","4: ASPHYXIATION",2,0.153846153846154
2019,"NE","11: INTRACRANIAL HEMORRHAGE/STROKE",13,0.317073170731707
2019,"NE","9: BLUNT INJURY",8,0.195121951219512
2019,"NE","12: DEATH FROM NATURAL CAUSES",6,0.146341463414634
2019,"NE","4: ASPHYXIATION",5,0.121951219512195
2019,"NH","3: DRUG INTOXICATION",9,0.333333333333333
2019,"NH","5: CARDIOVASCULAR",8,0.296296296296296
2019,"NH","7: GUNSHOT WOUND",4,0.148148148148148
2019,"NH","11: INTRACRANIAL HEMORRHAGE/STROKE",3,0.111111111111111
2019,"NH","4: ASPHYXIATION",2,0.0740740740740741
2019,"NJ","3: DRUG INTOXICATION",53,0.329192546583851
2019,"NJ","11: INTRACRANIAL HEMORRHAGE/STROKE",43,0.267080745341615
2019,"NJ","5: CARDIOVASCULAR",31,0.192546583850932
2019,"NJ","9: BLUNT INJURY",20,0.124223602484472
2019,"NJ","4: ASPHYXIATION",9,0.0559006211180124
2019,"NM","9: BLUNT INJURY",8,0.242424242424242
2019,"NM","11: INTRACRANIAL HEMORRHAGE/STROKE",7,0.212121212121212
2019,"NM","4: ASPHYXIATION",5,0.151515151515152
2019,"NM","5: CARDIOVASCULAR",4,0.121212121212121
2019,"NM","7: GUNSHOT WOUND",4,0.121212121212121
2019,"NV","11: INTRACRANIAL HEMORRHAGE/STROKE",55,0.376712328767123
2019,"NV","9: BLUNT INJURY",23,0.157534246575342
2019,"NV","5: CARDIOVASCULAR",21,0.143835616438356
2019,"NV","7: GUNSHOT WOUND",16,0.10958904109589
2019,"NV","12: DEATH FROM NATURAL CAUSES",13,0.089041095890411
2019,"NY","5: CARDIOVASCULAR",100,0.3003003003003
2019,"NY","11: INTRACRANIAL HEMORRHAGE/STROKE",87,0.261261261261261
2019,"NY","3: DRUG INTOXICATION",61,0.183183183183183
2019,"NY","9: BLUNT INJURY",40,0.12012012012012
2019,"NY","4: ASPHYXIATION",23,0.0690690690690691
2019,"OH","3: DRUG INTOXICATION",89,0.273006134969325
2019,"OH","11: INTRACRANIAL HEMORRHAGE/STROKE",59,0.180981595092025
2019,"OH","5: CARDIOVASCULAR",55,0.168711656441718
2019,"OH","9: BLUNT INJURY",44,0.134969325153374
2019,"OH","7: GUNSHOT WOUND",26,0.0797546012269939
2019,"OK","7: GUNSHOT WOUND",19,0.2
2019,"OK","9: BLUNT INJURY",18,0.189473684210526
2019,"OK","11: INTRACRANIAL HEMORRHAGE/STROKE",16,0.168421052631579
2019,"OK","5: CARDIOVASCULAR",15,0.157894736842105
2019,"OK","12: DEATH FROM NATURAL CAUSES",12,0.126315789473684
2019,"OR","9: BLUNT INJURY",12,0.244897959183673
2019,"OR","11: INTRACRANIAL HEMORRHAGE/STROKE",9,0.183673469387755
2019,"OR","4: ASPHYXIATION",8,0.163265306122449
2019,"OR","5: CARDIOVASCULAR",7,0.142857142857143
2019,"OR","7: GUNSHOT WOUND",5,0.102040816326531
2019,"PA","3: DRUG INTOXICATION",120,0.295566502463054
2019,"PA","11: INTRACRANIAL HEMORRHAGE/STROKE",94,0.231527093596059
2019,"PA","5: CARDIOVASCULAR",79,0.194581280788177
2019,"PA","9: BLUNT INJURY",56,0.137931034482759
2019,"PA","4: ASPHYXIATION",25,0.061576354679803
2019,"PR","11: INTRACRANIAL HEMORRHAGE/STROKE",48,0.564705882352941
2019,"PR","9: BLUNT INJURY",25,0.294117647058824
2019,"PR","5: CARDIOVASCULAR",7,0.0823529411764706
2019,"PR","7: GUNSHOT WOUND",3,0.0352941176470588
2019,"PR","3: DRUG INTOXICATION",2,0.0235294117647059
2019,"RI","3: DRUG INTOXICATION",7,0.4375
2019,"RI","11: INTRACRANIAL HEMORRHAGE/STROKE",2,0.125
2019,"RI","4: ASPHYXIATION",2,0.125
2019,"RI","9: BLUNT INJURY",2,0.125
2019,"SC","11: INTRACRANIAL HEMORRHAGE/STROKE",32,0.258064516129032
2019,"SC","9: BLUNT INJURY",28,0.225806451612903
2019,"SC","5: CARDIOVASCULAR",18,0.145161290322581
2019,"SC","7: GUNSHOT WOUND",18,0.145161290322581
2019,"SC","3: DRUG INTOXICATION",16,0.129032258064516
2019,"SD","11: INTRACRANIAL HEMORRHAGE/STROKE",5,0.227272727272727
2019,"SD","9: BLUNT INJURY",5,0.227272727272727
2019,"SD","3: DRUG INTOXICATION",4,0.181818181818182
2019,"SD","12: DEATH FROM NATURAL CAUSES",2,0.0909090909090909
2019,"SD","4: ASPHYXIATION",2,0.0909090909090909
2019,"SD","5: CARDIOVASCULAR",2,0.0909090909090909
2019,"TN","11: INTRACRANIAL HEMORRHAGE/STROKE",72,0.272727272727273
2019,"TN","9: BLUNT INJURY",56,0.212121212121212
2019,"TN","5: CARDIOVASCULAR",36,0.136363636363636
2019,"TN","3: DRUG INTOXICATION",33,0.125
2019,"TN","7: GUNSHOT WOUND",28,0.106060606060606
2019,"TX","11: INTRACRANIAL HEMORRHAGE/STROKE",246,0.316602316602317
2019,"TX","5: CARDIOVASCULAR",150,0.193050193050193
2019,"TX","9: BLUNT INJURY",146,0.187902187902188
2019,"TX","7: GUNSHOT WOUND",81,0.104247104247104
2019,"TX","4: ASPHYXIATION",54,0.0694980694980695
2019,"UT","11: INTRACRANIAL HEMORRHAGE/STROKE",21,0.313432835820896
2019,"UT","9: BLUNT INJURY",16,0.238805970149254
2019,"UT","3: DRUG INTOXICATION",9,0.134328358208955
2019,"UT","4: ASPHYXIATION",7,0.104477611940299
2019,"UT","5: CARDIOVASCULAR",6,0.0895522388059701
2019,"VA","11: INTRACRANIAL HEMORRHAGE/STROKE",49,0.298780487804878
2019,"VA","5: CARDIOVASCULAR",40,0.24390243902439
2019,"VA","9: BLUNT INJURY",24,0.146341463414634
2019,"VA","3: DRUG INTOXICATION",21,0.128048780487805
2019,"VI","9: BLUNT INJURY",2,1
2019,"VT","11: INTRACRANIAL HEMORRHAGE/STROKE",3,0.3
2019,"VT","5: CARDIOVASCULAR",3,0.3
2019,"VT","3: DRUG INTOXICATION",2,0.2
2019,"VT","9: BLUNT INJURY",2,0.2
2019,"WA","11: INTRACRANIAL HEMORRHAGE/STROKE",45,0.292207792207792
2019,"WA","9: BLUNT INJURY",27,0.175324675324675
2019,"WA","3: DRUG INTOXICATION",22,0.142857142857143
2019,"WA","5: CARDIOVASCULAR",17,0.11038961038961
2019,"WA","4: ASPHYXIATION",16,0.103896103896104
2019,"WI","11: INTRACRANIAL HEMORRHAGE/STROKE",46,0.298701298701299
2019,"WI","3: DRUG INTOXICATION",30,0.194805194805195
2019,"WI","9: BLUNT INJURY",23,0.149350649350649
2019,"WI","5: CARDIOVASCULAR",15,0.0974025974025974
2019,"WI","12: DEATH FROM NATURAL CAUSES",13,0.0844155844155844
2019,"WV","11: INTRACRANIAL HEMORRHAGE/STROKE",17,0.354166666666667
2019,"WV","3: DRUG INTOXICATION",10,0.208333333333333
2019,"WV","9: BLUNT INJURY",8,0.166666666666667
2019,"WV","7: GUNSHOT WOUND",7,0.145833333333333
2019,"WV","5: CARDIOVASCULAR",4,0.0833333333333333
2019,"WY","7: GUNSHOT WOUND",4,0.5
2019,"WY","9: BLUNT INJURY",2,0.25
2019,"WY","12: DEATH FROM NATURAL CAUSES",1,0.125
2019,"WY","997: NONE OF THE ABOVE",1,0.125
2019,NA,"",445,1
2020,"AK","11: INTRACRANIAL HEMORRHAGE/STROKE",5,0.25
2020,"AK","3: DRUG INTOXICATION",4,0.2
2020,"AK","5: CARDIOVASCULAR",4,0.2
2020,"AK","4: ASPHYXIATION",3,0.15
2020,"AK","7: GUNSHOT WOUND",2,0.1
2020,"AL","11: INTRACRANIAL HEMORRHAGE/STROKE",45,0.310344827586207
2020,"AL","5: CARDIOVASCULAR",30,0.206896551724138
2020,"AL","9: BLUNT INJURY",23,0.158620689655172
2020,"AL","3: DRUG INTOXICATION",21,0.144827586206897
2020,"AL","7: GUNSHOT WOUND",15,0.103448275862069
2020,"AR","7: GUNSHOT WOUND",13,0.25
2020,"AR","11: INTRACRANIAL HEMORRHAGE/STROKE",10,0.192307692307692
2020,"AR","9: BLUNT INJURY",10,0.192307692307692
2020,"AR","3: DRUG INTOXICATION",8,0.153846153846154
2020,"AR","5: CARDIOVASCULAR",6,0.115384615384615
2020,"AZ","11: INTRACRANIAL HEMORRHAGE/STROKE",52,0.262626262626263
2020,"AZ","3: DRUG INTOXICATION",47,0.237373737373737
2020,"AZ","9: BLUNT INJURY",29,0.146464646464646
2020,"AZ","5: CARDIOVASCULAR",25,0.126262626262626
2020,"AZ","7: GUNSHOT WOUND",21,0.106060606060606
2020,"CA","11: INTRACRANIAL HEMORRHAGE/STROKE",188,0.254742547425474
2020,"CA","9: BLUNT INJURY",159,0.215447154471545
2020,"CA","5: CARDIOVASCULAR",149,0.20189701897019
2020,"CA","3: DRUG INTOXICATION",97,0.131436314363144
2020,"CA","7: GUNSHOT WOUND",60,0.0813008130081301
2020,"CO","9: BLUNT INJURY",29,0.218045112781955
2020,"CO","11: INTRACRANIAL HEMORRHAGE/STROKE",28,0.210526315789474
2020,"CO","5: CARDIOVASCULAR",24,0.180451127819549
2020,"CO","3: DRUG INTOXICATION",21,0.157894736842105
2020,"CO","4: ASPHYXIATION",13,0.0977443609022556
2020,"CT","3: DRUG INTOXICATION",19,0.327586206896552
2020,"CT","11: INTRACRANIAL HEMORRHAGE/STROKE",14,0.241379310344828
2020,"CT","5: CARDIOVASCULAR",9,0.155172413793103
2020,"CT","9: BLUNT INJURY",6,0.103448275862069
2020,"CT","7: GUNSHOT WOUND",4,0.0689655172413793
2020,"DC","11: INTRACRANIAL HEMORRHAGE/STROKE",10,0.384615384615385
2020,"DC","3: DRUG INTOXICATION",6,0.230769230769231
2020,"DC","5: CARDIOVASCULAR",6,0.230769230769231
2020,"DC","4: ASPHYXIATION",2,0.0769230769230769
2020,"DE","3: DRUG INTOXICATION",20,0.408163265306122
2020,"DE","11: INTRACRANIAL HEMORRHAGE/STROKE",13,0.26530612244898
2020,"DE","5: CARDIOVASCULAR",7,0.142857142857143
2020,"DE","4: ASPHYXIATION",3,0.0612244897959184
2020,"DE","9: BLUNT INJURY",3,0.0612244897959184
2020,"FL","11: INTRACRANIAL HEMORRHAGE/STROKE",161,0.264367816091954
2020,"FL","3: DRUG INTOXICATION",128,0.210180623973727
2020,"FL","9: BLUNT INJURY",127,0.208538587848933
2020,"FL","5: CARDIOVASCULAR",85,0.139573070607553
2020,"FL","7: GUNSHOT WOUND",52,0.0853858784893268
2020,"GA","9: BLUNT INJURY",63,0.263598326359833
2020,"GA","11: INTRACRANIAL HEMORRHAGE/STROKE",59,0.246861924686192
2020,"GA","5: CARDIOVASCULAR",53,0.221757322175732
2020,"GA","7: GUNSHOT WOUND",26,0.108786610878661
2020,"GA","3: DRUG INTOXICATION",19,0.0794979079497908
2020,"HI","11: INTRACRANIAL HEMORRHAGE/STROKE",9,0.5
2020,"HI","4: ASPHYXIATION",3,0.166666666666667
2020,"HI","12: DEATH FROM NATURAL CAUSES",2,0.111111111111111
2020,"HI","5: CARDIOVASCULAR",2,0.111111111111111
2020,"HI","9: BLUNT INJURY",2,0.111111111111111
2020,"IA","9: BLUNT INJURY",14,0.212121212121212
2020,"IA","11: INTRACRANIAL HEMORRHAGE/STROKE",11,0.166666666666667
2020,"IA","5: CARDIOVASCULAR",11,0.166666666666667
2020,"IA","3: DRUG INTOXICATION",8,0.121212121212121
2020,"IA","7: GUNSHOT WOUND",8,0.121212121212121
2020,"ID","11: INTRACRANIAL HEMORRHAGE/STROKE",7,0.241379310344828
2020,"ID","7: GUNSHOT WOUND",7,0.241379310344828
2020,"ID","9: BLUNT INJURY",5,0.172413793103448
2020,"ID","5: CARDIOVASCULAR",4,0.137931034482759
2020,"ID","4: ASPHYXIATION",3,0.103448275862069
2020,"IL","11: INTRACRANIAL HEMORRHAGE/STROKE",78,0.252427184466019
2020,"IL","3: DRUG INTOXICATION",76,0.245954692556634
2020,"IL","5: CARDIOVASCULAR",57,0.184466019417476
2020,"IL","9: BLUNT INJURY",48,0.155339805825243
2020,"IL","7: GUNSHOT WOUND",23,0.0744336569579288
2020,"IN","5: CARDIOVASCULAR",46,0.23
2020,"IN","11: INTRACRANIAL HEMORRHAGE/STROKE",43,0.215
2020,"IN","3: DRUG INTOXICATION",37,0.185
2020,"IN","9: BLUNT INJURY",32,0.16
2020,"IN","7: GUNSHOT WOUND",19,0.095
2020,"KS","11: INTRACRANIAL HEMORRHAGE/STROKE",27,0.262135922330097
2020,"KS","9: BLUNT INJURY",23,0.223300970873786
2020,"KS","3: DRUG INTOXICATION",13,0.12621359223301
2020,"KS","5: CARDIOVASCULAR",11,0.106796116504854
2020,"KY","3: DRUG INTOXICATION",41,0.369369369369369
2020,"KY","9: BLUNT INJURY",20,0.18018018018018
2020,"KY","11: INTRACRANIAL HEMORRHAGE/STROKE",15,0.135135135135135
2020,"KY","5: CARDIOVASCULAR",14,0.126126126126126
2020,"KY","7: GUNSHOT WOUND",8,0.0720720720720721
2020,"LA","11: INTRACRANIAL HEMORRHAGE/STROKE",44,0.248587570621469
2020,"LA","3: DRUG INTOXICATION",38,0.214689265536723
2020,"LA","5: CARDIOVASCULAR",30,0.169491525423729
2020,"LA","7: GUNSHOT WOUND",28,0.15819209039548
2020,"LA","9: BLUNT INJURY",19,0.107344632768362
2020,"MA","3: DRUG INTOXICATION",40,0.388349514563107
2020,"MA","5: CARDIOVASCULAR",20,0.194174757281553
2020,"MA","11: INTRACRANIAL HEMORRHAGE/STROKE",18,0.174757281553398
2020,"MA","9: BLUNT INJURY",10,0.0970873786407767
2020,"MA","4: ASPHYXIATION",7,0.0679611650485437
2020,"MD","3: DRUG INTOXICATION",40,0.307692307692308
2020,"MD","5: CARDIOVASCULAR",32,0.246153846153846
2020,"MD","11: INTRACRANIAL HEMORRHAGE/STROKE",25,0.192307692307692
2020,"MD","9: BLUNT INJURY",10,0.0769230769230769
2020,"MD","7: GUNSHOT WOUND",9,0.0692307692307692
2020,"ME","5: CARDIOVASCULAR",6,0.25
2020,"ME","9: BLUNT INJURY",5,0.208333333333333
2020,"ME","3: DRUG INTOXICATION",4,0.166666666666667
2020,"ME","11: INTRACRANIAL HEMORRHAGE/STROKE",3,0.125
2020,"ME","4: ASPHYXIATION",3,0.125
2020,"MI","11: INTRACRANIAL HEMORRHAGE/STROKE",56,0.251121076233184
2020,"MI","5: CARDIOVASCULAR",41,0.183856502242152
2020,"MI","3: DRUG INTOXICATION",38,0.170403587443946
2020,"MI","9: BLUNT INJURY",32,0.143497757847534
2020,"MI","7: GUNSHOT WOUND",21,0.0941704035874439
2020,"MN","11: INTRACRANIAL HEMORRHAGE/STROKE",17,0.232876712328767
2020,"MN","9: BLUNT INJURY",16,0.219178082191781
2020,"MN","3: DRUG INTOXICATION",15,0.205479452054795
2020,"MN","4: ASPHYXIATION",10,0.136986301369863
2020,"MN","5: CARDIOVASCULAR",5,0.0684931506849315
2020,"MO","11: INTRACRANIAL HEMORRHAGE/STROKE",62,0.238461538461538
2020,"MO","9: BLUNT INJURY",55,0.211538461538462
2020,"MO","3: DRUG INTOXICATION",38,0.146153846153846
2020,"MO","7: GUNSHOT WOUND",31,0.119230769230769
2020,"MO","5: CARDIOVASCULAR",29,0.111538461538462
2020,"MS","11: INTRACRANIAL HEMORRHAGE/STROKE",23,0.353846153846154
2020,"MS","5: CARDIOVASCULAR",14,0.215384615384615
2020,"MS","9: BLUNT INJURY",13,0.2
2020,"MS","7: GUNSHOT WOUND",7,0.107692307692308
2020,"MT","11: INTRACRANIAL HEMORRHAGE/STROKE",6,0.24
2020,"MT","9: BLUNT INJURY",5,0.2
2020,"MT","7: GUNSHOT WOUND",4,0.16
2020,"MT","12: DEATH FROM NATURAL CAUSES",3,0.12
2020,"MT","5: CARDIOVASCULAR",3,0.12
2020,"NC","11: INTRACRANIAL HEMORRHAGE/STROKE",65,0.248091603053435
2020,"NC","3: DRUG INTOXICATION",62,0.236641221374046
2020,"NC","5: CARDIOVASCULAR",37,0.141221374045802
2020,"NC","9: BLUNT INJURY",33,0.125954198473282
2020,"NC","7: GUNSHOT WOUND",28,0.106870229007634
2020,"ND","3: DRUG INTOXICATION",5,0.217391304347826
2020,"ND","9: BLUNT INJURY",5,0.217391304347826
2020,"ND","5: CARDIOVASCULAR",4,0.173913043478261
2020,"ND","11: INTRACRANIAL HEMORRHAGE/STROKE",3,0.130434782608696
2020,"NE","11: INTRACRANIAL HEMORRHAGE/STROKE",18,0.391304347826087
2020,"NE","9: BLUNT INJURY",10,0.217391304347826
2020,"NE","12: DEATH FROM NATURAL CAUSES",5,0.108695652173913
2020,"NE","5: CARDIOVASCULAR",4,0.0869565217391304
2020,"NH","5: CARDIOVASCULAR",6,0.461538461538462
2020,"NH","11: INTRACRANIAL HEMORRHAGE/STROKE",3,0.230769230769231
2020,"NH","9: BLUNT INJURY",2,0.153846153846154
2020,"NH","3: DRUG INTOXICATION",1,0.0769230769230769
2020,"NH","997: NONE OF THE ABOVE",1,0.0769230769230769
2020,"NJ","3: DRUG INTOXICATION",48,0.315789473684211
2020,"NJ","11: INTRACRANIAL HEMORRHAGE/STROKE",36,0.236842105263158
2020,"NJ","5: CARDIOVASCULAR",34,0.223684210526316
2020,"NJ","9: BLUNT INJURY",19,0.125
2020,"NJ","7: GUNSHOT WOUND",8,0.0526315789473684
2020,"NM","11: INTRACRANIAL HEMORRHAGE/STROKE",11,0.255813953488372
2020,"NM","5: CARDIOVASCULAR",11,0.255813953488372
2020,"NM","3: DRUG INTOXICATION",8,0.186046511627907
2020,"NM","9: BLUNT INJURY",7,0.162790697674419
2020,"NM","4: ASPHYXIATION",2,0.0465116279069767
2020,"NV","11: INTRACRANIAL HEMORRHAGE/STROKE",46,0.319444444444444
2020,"NV","3: DRUG INTOXICATION",22,0.152777777777778
2020,"NV","12: DEATH FROM NATURAL CAUSES",21,0.145833333333333
2020,"NV","5: CARDIOVASCULAR",21,0.145833333333333
2020,"NV","9: BLUNT INJURY",19,0.131944444444444
2020,"NY","11: INTRACRANIAL HEMORRHAGE/STROKE",70,0.26615969581749
2020,"NY","5: CARDIOVASCULAR",63,0.239543726235741
2020,"NY","3: DRUG INTOXICATION",56,0.212927756653992
2020,"NY","9: BLUNT INJURY",31,0.11787072243346
2020,"NY","4: ASPHYXIATION",18,0.0684410646387833
2020,"OH","3: DRUG INTOXICATION",101,0.283707865168539
2020,"OH","5: CARDIOVASCULAR",71,0.199438202247191
2020,"OH","11: INTRACRANIAL HEMORRHAGE/STROKE",58,0.162921348314607
2020,"OH","9: BLUNT INJURY",53,0.148876404494382
2020,"OH","7: GUNSHOT WOUND",25,0.0702247191011236
2020,"OK","11: INTRACRANIAL HEMORRHAGE/STROKE",21,0.214285714285714
2020,"OK","9: BLUNT INJURY",21,0.214285714285714
2020,"OK","7: GUNSHOT WOUND",17,0.173469387755102
2020,"OK","12: DEATH FROM NATURAL CAUSES",16,0.163265306122449
2020,"OK","5: CARDIOVASCULAR",10,0.102040816326531
2020,"OR","11: INTRACRANIAL HEMORRHAGE/STROKE",20,0.24390243902439
2020,"OR","3: DRUG INTOXICATION",18,0.219512195121951
2020,"OR","9: BLUNT INJURY",13,0.158536585365854
2020,"OR","12: DEATH FROM NATURAL CAUSES",7,0.0853658536585366
2020,"OR","5: CARDIOVASCULAR",7,0.0853658536585366
2020,"OR","7: GUNSHOT WOUND",7,0.0853658536585366
2020,"PA","3: DRUG INTOXICATION",107,0.257831325301205
2020,"PA","5: CARDIOVASCULAR",105,0.253012048192771
2020,"PA","11: INTRACRANIAL HEMORRHAGE/STROKE",103,0.248192771084337
2020,"PA","9: BLUNT INJURY",46,0.110843373493976
2020,"PA","7: GUNSHOT WOUND",31,0.0746987951807229
2020,"PR","11: INTRACRANIAL HEMORRHAGE/STROKE",49,0.576470588235294
2020,"PR","9: BLUNT INJURY",24,0.282352941176471
2020,"PR","5: CARDIOVASCULAR",6,0.0705882352941176
2020,"PR","12: DEATH FROM NATURAL CAUSES",5,0.0588235294117647
2020,"PR","7: GUNSHOT WOUND",1,0.0117647058823529
2020,"RI","3: DRUG INTOXICATION",3,0.272727272727273
2020,"RI","9: BLUNT INJURY",3,0.272727272727273
2020,"RI","11: INTRACRANIAL HEMORRHAGE/STROKE",2,0.181818181818182
2020,"RI","7: GUNSHOT WOUND",2,0.181818181818182
2020,"RI","997: NONE OF THE ABOVE",1,0.0909090909090909
2020,"SC","11: INTRACRANIAL HEMORRHAGE/STROKE",40,0.303030303030303
2020,"SC","3: DRUG INTOXICATION",25,0.189393939393939
2020,"SC","9: BLUNT INJURY",20,0.151515151515152
2020,"SC","5: CARDIOVASCULAR",18,0.136363636363636
2020,"SC","7: GUNSHOT WOUND",17,0.128787878787879
2020,"SD","11: INTRACRANIAL HEMORRHAGE/STROKE",3,0.25
2020,"SD","9: BLUNT INJURY",3,0.25
2020,"SD","12: DEATH FROM NATURAL CAUSES",2,0.166666666666667
2020,"TN","11: INTRACRANIAL HEMORRHAGE/STROKE",75,0.262237762237762
2020,"TN","3: DRUG INTOXICATION",54,0.188811188811189
2020,"TN","9: BLUNT INJURY",49,0.171328671328671
2020,"TN","5: CARDIOVASCULAR",37,0.129370629370629
2020,"TN","7: GUNSHOT WOUND",30,0.104895104895105
2020,"TX","11: INTRACRANIAL HEMORRHAGE/STROKE",210,0.292887029288703
2020,"TX","9: BLUNT INJURY",138,0.192468619246862
2020,"TX","5: CARDIOVASCULAR",136,0.189679218967922
2020,"TX","7: GUNSHOT WOUND",96,0.133891213389121
2020,"TX","3: DRUG INTOXICATION",55,0.0767085076708508
2020,"UT","11: INTRACRANIAL HEMORRHAGE/STROKE",27,0.355263157894737
2020,"UT","9: BLUNT INJURY",20,0.263157894736842
2020,"UT","7: GUNSHOT WOUND",9,0.118421052631579
2020,"UT","4: ASPHYXIATION",7,0.0921052631578947
2020,"UT","5: CARDIOVASCULAR",6,0.0789473684210526
2020,"VA","5: CARDIOVASCULAR",47,0.29559748427673
2020,"VA","11: INTRACRANIAL HEMORRHAGE/STROKE",46,0.289308176100629
2020,"VA","3: DRUG INTOXICATION",29,0.182389937106918
2020,"VA","9: BLUNT INJURY",16,0.10062893081761
2020,"VA","7: GUNSHOT WOUND",10,0.0628930817610063
2020,"VT","3: DRUG INTOXICATION",6,0.75
2020,"VT","11: INTRACRANIAL HEMORRHAGE/STROKE",1,0.125
2020,"VT","9: BLUNT INJURY",1,0.125
2020,"WA","11: INTRACRANIAL HEMORRHAGE/STROKE",35,0.23489932885906
2020,"WA","5: CARDIOVASCULAR",32,0.214765100671141
2020,"WA","9: BLUNT INJURY",25,0.167785234899329
2020,"WA","3: DRUG INTOXICATION",24,0.161073825503356
2020,"WA","12: DEATH FROM NATURAL CAUSES",10,0.0671140939597315
2020,"WI","11: INTRACRANIAL HEMORRHAGE/STROKE",47,0.262569832402235
2020,"WI","3: DRUG INTOXICATION",34,0.189944134078212
2020,"WI","9: BLUNT INJURY",34,0.189944134078212
2020,"WI","7: GUNSHOT WOUND",19,0.106145251396648
2020,"WI","4: ASPHYXIATION",15,0.0837988826815642
2020,"WV","11: INTRACRANIAL HEMORRHAGE/STROKE",19,0.2375
2020,"WV","3: DRUG INTOXICATION",17,0.2125
2020,"WV","9: BLUNT INJURY",14,0.175
2020,"WV","5: CARDIOVASCULAR",13,0.1625
2020,"WV","7: GUNSHOT WOUND",11,0.1375
2020,"WY","11: INTRACRANIAL HEMORRHAGE/STROKE",2,0.4
2020,"WY","3: DRUG INTOXICATION",1,0.2
2020,"WY","5: CARDIOVASCULAR",1,0.2
2020,"WY","9: BLUNT INJURY",1,0.2
2020,NA,"",425,1
2021,"AK","7: GUNSHOT WOUND",5,0.263157894736842
2021,"AK","11: INTRACRANIAL HEMORRHAGE/STROKE",4,0.210526315789474
2021,"AK","3: DRUG INTOXICATION",3,0.157894736842105
2021,"AK","4: ASPHYXIATION",3,0.157894736842105
2021,"AK","9: BLUNT INJURY",2,0.105263157894737
2021,"AL","11: INTRACRANIAL HEMORRHAGE/STROKE",51,0.303571428571429
2021,"AL","3: DRUG INTOXICATION",33,0.196428571428571
2021,"AL","5: CARDIOVASCULAR",30,0.178571428571429
2021,"AL","9: BLUNT INJURY",24,0.142857142857143
2021,"AL","7: GUNSHOT WOUND",15,0.0892857142857143
2021,"AR","11: INTRACRANIAL HEMORRHAGE/STROKE",17,0.22972972972973
2021,"AR","9: BLUNT INJURY",14,0.189189189189189
2021,"AR","3: DRUG INTOXICATION",11,0.148648648648649
2021,"AR","7: GUNSHOT WOUND",9,0.121621621621622
2021,"AR","4: ASPHYXIATION",8,0.108108108108108
2021,"AZ","11: INTRACRANIAL HEMORRHAGE/STROKE",48,0.237623762376238
2021,"AZ","9: BLUNT INJURY",42,0.207920792079208
2021,"AZ","3: DRUG INTOXICATION",36,0.178217821782178
2021,"AZ","5: CARDIOVASCULAR",31,0.153465346534653
2021,"AZ","7: GUNSHOT WOUND",24,0.118811881188119
2021,"CA","11: INTRACRANIAL HEMORRHAGE/STROKE",216,0.30379746835443
2021,"CA","3: DRUG INTOXICATION",134,0.188466947960619
2021,"CA","9: BLUNT INJURY",134,0.188466947960619
2021,"CA","5: CARDIOVASCULAR",88,0.123769338959212
2021,"CA","7: GUNSHOT WOUND",66,0.0928270042194093
2021,"CO","11: INTRACRANIAL HEMORRHAGE/STROKE",26,0.213114754098361
2021,"CO","9: BLUNT INJURY",25,0.204918032786885
2021,"CO","5: CARDIOVASCULAR",19,0.155737704918033
2021,"CO","7: GUNSHOT WOUND",19,0.155737704918033
2021,"CO","3: DRUG INTOXICATION",12,0.0983606557377049
2021,"CT","3: DRUG INTOXICATION",21,0.3
2021,"CT","9: BLUNT INJURY",15,0.214285714285714
2021,"CT","11: INTRACRANIAL HEMORRHAGE/STROKE",13,0.185714285714286
2021,"CT","5: CARDIOVASCULAR",12,0.171428571428571
2021,"DC","11: INTRACRANIAL HEMORRHAGE/STROKE",9,0.346153846153846
2021,"DC","5: CARDIOVASCULAR",6,0.230769230769231
2021,"DC","3: DRUG INTOXICATION",4,0.153846153846154
2021,"DC","7: GUNSHOT WOUND",4,0.153846153846154
2021,"DC","12: DEATH FROM NATURAL CAUSES",2,0.0769230769230769
2021,"DE","3: DRUG INTOXICATION",17,0.298245614035088
2021,"DE","5: CARDIOVASCULAR",15,0.263157894736842
2021,"DE","11: INTRACRANIAL HEMORRHAGE/STROKE",14,0.245614035087719
2021,"DE","9: BLUNT INJURY",6,0.105263157894737
2021,"DE","4: ASPHYXIATION",3,0.0526315789473684
2021,"FL","3: DRUG INTOXICATION",175,0.264350453172205
2021,"FL","11: INTRACRANIAL HEMORRHAGE/STROKE",131,0.197885196374622
2021,"FL","9: BLUNT INJURY",127,0.191842900302115
2021,"FL","5: CARDIOVASCULAR",112,0.169184290030211
2021,"FL","7: GUNSHOT WOUND",49,0.0740181268882175
2021,"GA","11: INTRACRANIAL HEMORRHAGE/STROKE",69,0.274900398406374
2021,"GA","5: CARDIOVASCULAR",57,0.227091633466135
2021,"GA","9: BLUNT INJURY",41,0.163346613545817
2021,"GA","3: DRUG INTOXICATION",35,0.139442231075697
2021,"GA","7: GUNSHOT WOUND",35,0.139442231075697
2021,"HI","11: INTRACRANIAL HEMORRHAGE/STROKE",8,0.421052631578947
2021,"HI","9: BLUNT INJURY",7,0.368421052631579
2021,"HI","1: DROWNING",1,0.0526315789473684
2021,"HI","2: SEIZURE",1,0.0526315789473684
2021,"HI","5: CARDIOVASCULAR",1,0.0526315789473684
2021,"HI","997: NONE OF THE ABOVE",1,0.0526315789473684
2021,"IA","11: INTRACRANIAL HEMORRHAGE/STROKE",17,0.253731343283582
2021,"IA","9: BLUNT INJURY",17,0.253731343283582
2021,"IA","5: CARDIOVASCULAR",8,0.119402985074627
2021,"IA","3: DRUG INTOXICATION",6,0.0895522388059701
2021,"ID","9: BLUNT INJURY",14,0.333333333333333
2021,"ID","11: INTRACRANIAL HEMORRHAGE/STROKE",7,0.166666666666667
2021,"ID","3: DRUG INTOXICATION",6,0.142857142857143
2021,"ID","7: GUNSHOT WOUND",5,0.119047619047619
2021,"IL","3: DRUG INTOXICATION",71,0.246527777777778
2021,"IL","11: INTRACRANIAL HEMORRHAGE/STROKE",66,0.229166666666667
2021,"IL","5: CARDIOVASCULAR",55,0.190972222222222
2021,"IL","9: BLUNT INJURY",54,0.1875
2021,"IL","7: GUNSHOT WOUND",27,0.09375
2021,"IN","11: INTRACRANIAL HEMORRHAGE/STROKE",45,0.211267605633803
2021,"IN","3: DRUG INTOXICATION",44,0.206572769953052
2021,"IN","5: CARDIOVASCULAR",42,0.197183098591549
2021,"IN","9: BLUNT INJURY",42,0.197183098591549
2021,"IN","7: GUNSHOT WOUND",17,0.07981220657277
2021,"KS","11: INTRACRANIAL HEMORRHAGE/STROKE",30,0.297029702970297
2021,"KS","9: BLUNT INJURY",20,0.198019801980198
2021,"KS","3: DRUG INTOXICATION",16,0.158415841584158
2021,"KS","7: GUNSHOT WOUND",12,0.118811881188119
2021,"KS","997: NONE OF THE ABOVE",9,0.0891089108910891
2021,"KY","3: DRUG INTOXICATION",37,0.30327868852459
2021,"KY","11: INTRACRANIAL HEMORRHAGE/STROKE",23,0.188524590163934
2021,"KY","7: GUNSHOT WOUND",16,0.131147540983607
2021,"KY","5: CARDIOVASCULAR",15,0.122950819672131
2021,"KY","9: BLUNT INJURY",13,0.10655737704918
2021,"LA","3: DRUG INTOXICATION",64,0.335078534031414
2021,"LA","11: INTRACRANIAL HEMORRHAGE/STROKE",39,0.204188481675393
2021,"LA","5: CARDIOVASCULAR",28,0.146596858638743
2021,"LA","9: BLUNT INJURY",25,0.130890052356021
2021,"LA","7: GUNSHOT WOUND",19,0.0994764397905759
2021,"MA","3: DRUG INTOXICATION",25,0.245098039215686
2021,"MA","5: CARDIOVASCULAR",24,0.235294117647059
2021,"MA","11: INTRACRANIAL HEMORRHAGE/STROKE",22,0.215686274509804
2021,"MA","9: BLUNT INJURY",12,0.117647058823529
2021,"MA","4: ASPHYXIATION",9,0.0882352941176471
2021,"MD","3: DRUG INTOXICATION",41,0.297101449275362
2021,"MD","11: INTRACRANIAL HEMORRHAGE/STROKE",32,0.231884057971014
2021,"MD","5: CARDIOVASCULAR",31,0.22463768115942
2021,"MD","9: BLUNT INJURY",14,0.101449275362319
2021,"MD","4: ASPHYXIATION",7,0.0507246376811594
2021,"ME","5: CARDIOVASCULAR",9,0.3
2021,"ME","7: GUNSHOT WOUND",7,0.233333333333333
2021,"ME","11: INTRACRANIAL HEMORRHAGE/STROKE",6,0.2
2021,"ME","9: BLUNT INJURY",6,0.2
2021,"ME","4: ASPHYXIATION",2,0.0666666666666667
2021,"MI","11: INTRACRANIAL HEMORRHAGE/STROKE",53,0.222689075630252
2021,"MI","3: DRUG INTOXICATION",46,0.19327731092437
2021,"MI","9: BLUNT INJURY",44,0.184873949579832
2021,"MI","5: CARDIOVASCULAR",41,0.172268907563025
2021,"MI","7: GUNSHOT WOUND",19,0.0798319327731092
2021,"MN","11: INTRACRANIAL HEMORRHAGE/STROKE",29,0.322222222222222
2021,"MN","3: DRUG INTOXICATION",13,0.144444444444444
2021,"MN","5: CARDIOVASCULAR",13,0.144444444444444
2021,"MN","9: BLUNT INJURY",11,0.122222222222222
2021,"MN","4: ASPHYXIATION",9,0.1
2021,"MO","11: INTRACRANIAL HEMORRHAGE/STROKE",62,0.25
2021,"MO","3: DRUG INTOXICATION",49,0.19758064516129
2021,"MO","9: BLUNT INJURY",47,0.189516129032258
2021,"MO","5: CARDIOVASCULAR",34,0.137096774193548
2021,"MO","7: GUNSHOT WOUND",30,0.120967741935484
2021,"MS","11: INTRACRANIAL HEMORRHAGE/STROKE",24,0.30379746835443
2021,"MS","5: CARDIOVASCULAR",22,0.278481012658228
2021,"MS","7: GUNSHOT WOUND",14,0.177215189873418
2021,"MS","9: BLUNT INJURY",9,0.113924050632911
2021,"MS","12: DEATH FROM NATURAL CAUSES",4,0.0506329113924051
2021,"MT","5: CARDIOVASCULAR",6,0.24
2021,"MT","11: INTRACRANIAL HEMORRHAGE/STROKE",5,0.2
2021,"MT","9: BLUNT INJURY",5,0.2
2021,"MT","3: DRUG INTOXICATION",4,0.16
2021,"MT","7: GUNSHOT WOUND",3,0.12
2021,"NC","3: DRUG INTOXICATION",59,0.243801652892562
2021,"NC","11: INTRACRANIAL HEMORRHAGE/STROKE",55,0.227272727272727
2021,"NC","9: BLUNT INJURY",40,0.165289256198347
2021,"NC","5: CARDIOVASCULAR",29,0.119834710743802
2021,"NC","7: GUNSHOT WOUND",27,0.111570247933884
2021,"ND","3: DRUG INTOXICATION",5,0.277777777777778
2021,"ND","4: ASPHYXIATION",5,0.277777777777778
2021,"ND","11: INTRACRANIAL HEMORRHAGE/STROKE",3,0.166666666666667
2021,"ND","5: CARDIOVASCULAR",2,0.111111111111111
2021,"NE","11: INTRACRANIAL HEMORRHAGE/STROKE",15,0.288461538461538
2021,"NE","9: BLUNT INJURY",13,0.25
2021,"NE","5: CARDIOVASCULAR",9,0.173076923076923
2021,"NE","7: GUNSHOT WOUND",5,0.0961538461538462
2021,"NH","5: CARDIOVASCULAR",8,0.363636363636364
2021,"NH","3: DRUG INTOXICATION",6,0.272727272727273
2021,"NH","11: INTRACRANIAL HEMORRHAGE/STROKE",3,0.136363636363636
2021,"NH","7: GUNSHOT WOUND",2,0.0909090909090909
2021,"NH","9: BLUNT INJURY",2,0.0909090909090909
2021,"NJ","5: CARDIOVASCULAR",56,0.302702702702703
2021,"NJ","11: INTRACRANIAL HEMORRHAGE/STROKE",46,0.248648648648649
2021,"NJ","3: DRUG INTOXICATION",40,0.216216216216216
2021,"NJ","9: BLUNT INJURY",25,0.135135135135135
2021,"NJ","4: ASPHYXIATION",9,0.0486486486486487
2021,"NM","5: CARDIOVASCULAR",15,0.3125
2021,"NM","11: INTRACRANIAL HEMORRHAGE/STROKE",9,0.1875
2021,"NM","3: DRUG INTOXICATION",8,0.166666666666667
2021,"NM","7: GUNSHOT WOUND",7,0.145833333333333
2021,"NM","9: BLUNT INJURY",6,0.125
2021,"NV","11: INTRACRANIAL HEMORRHAGE/STROKE",51,0.369565217391304
2021,"NV","9: BLUNT INJURY",23,0.166666666666667
2021,"NV","12: DEATH FROM NATURAL CAUSES",15,0.108695652173913
2021,"NV","3: DRUG INTOXICATION",15,0.108695652173913
2021,"NV","5: CARDIOVASCULAR",15,0.108695652173913
2021,"NY","5: CARDIOVASCULAR",87,0.26605504587156
2021,"NY","11: INTRACRANIAL HEMORRHAGE/STROKE",86,0.262996941896024
2021,"NY","3: DRUG INTOXICATION",62,0.18960244648318
2021,"NY","9: BLUNT INJURY",42,0.128440366972477
2021,"NY","4: ASPHYXIATION",20,0.0611620795107034
2021,"OH","3: DRUG INTOXICATION",102,0.266318537859008
2021,"OH","11: INTRACRANIAL HEMORRHAGE/STROKE",89,0.232375979112272
2021,"OH","5: CARDIOVASCULAR",78,0.203655352480418
2021,"OH","9: BLUNT INJURY",43,0.112271540469974
2021,"OH","7: GUNSHOT WOUND",39,0.101827676240209
2021,"OK","11: INTRACRANIAL HEMORRHAGE/STROKE",23,0.232323232323232
2021,"OK","12: DEATH FROM NATURAL CAUSES",19,0.191919191919192
2021,"OK","9: BLUNT INJURY",19,0.191919191919192
2021,"OK","3: DRUG INTOXICATION",11,0.111111111111111
2021,"OK","7: GUNSHOT WOUND",11,0.111111111111111
2021,"OR","11: INTRACRANIAL HEMORRHAGE/STROKE",19,0.22093023255814
2021,"OR","9: BLUNT INJURY",18,0.209302325581395
2021,"OR","3: DRUG INTOXICATION",14,0.162790697674419
2021,"OR","7: GUNSHOT WOUND",11,0.127906976744186
2021,"OR","12: DEATH FROM NATURAL CAUSES",10,0.116279069767442
2021,"PA","11: INTRACRANIAL HEMORRHAGE/STROKE",124,0.306930693069307
2021,"PA","3: DRUG INTOXICATION",90,0.222772277227723
2021,"PA","5: CARDIOVASCULAR",87,0.215346534653465
2021,"PA","9: BLUNT INJURY",51,0.126237623762376
2021,"PA","7: GUNSHOT WOUND",28,0.0693069306930693
2021,"PR","11: INTRACRANIAL HEMORRHAGE/STROKE",43,0.518072289156627
2021,"PR","9: BLUNT INJURY",25,0.301204819277108
2021,"PR","3: DRUG INTOXICATION",6,0.072289156626506
2021,"PR","7: GUNSHOT WOUND",5,0.0602409638554217
2021,"PR","5: CARDIOVASCULAR",3,0.036144578313253
2021,"RI","5: CARDIOVASCULAR",7,0.4375
2021,"RI","3: DRUG INTOXICATION",6,0.375
2021,"RI","9: BLUNT INJURY",3,0.1875
2021,"SC","11: INTRACRANIAL HEMORRHAGE/STROKE",33,0.302752293577982
2021,"SC","3: DRUG INTOXICATION",22,0.201834862385321
2021,"SC","9: BLUNT INJURY",21,0.192660550458716
2021,"SC","5: CARDIOVASCULAR",13,0.119266055045872
2021,"SC","7: GUNSHOT WOUND",12,0.110091743119266
2021,"SD","11: INTRACRANIAL HEMORRHAGE/STROKE",3,0.214285714285714
2021,"SD","9: BLUNT INJURY",3,0.214285714285714
2021,"SD","3: DRUG INTOXICATION",2,0.142857142857143
2021,"SD","4: ASPHYXIATION",2,0.142857142857143
2021,"SD","5: CARDIOVASCULAR",2,0.142857142857143
2021,"TN","11: INTRACRANIAL HEMORRHAGE/STROKE",71,0.22397476340694
2021,"TN","9: BLUNT INJURY",66,0.20820189274448
2021,"TN","3: DRUG INTOXICATION",55,0.173501577287066
2021,"TN","5: CARDIOVASCULAR",53,0.167192429022082
2021,"TN","7: GUNSHOT WOUND",43,0.135646687697161
2021,"TX","11: INTRACRANIAL HEMORRHAGE/STROKE",226,0.328488372093023
2021,"TX","9: BLUNT INJURY",139,0.20203488372093
2021,"TX","7: GUNSHOT WOUND",85,0.123546511627907
2021,"TX","5: CARDIOVASCULAR",83,0.120639534883721
2021,"TX","3: DRUG INTOXICATION",64,0.0930232558139535
2021,"UT","11: INTRACRANIAL HEMORRHAGE/STROKE",23,0.27710843373494
2021,"UT","9: BLUNT INJURY",20,0.240963855421687
2021,"UT","3: DRUG INTOXICATION",13,0.156626506024096
2021,"UT","5: CARDIOVASCULAR",11,0.132530120481928
2021,"UT","7: GUNSHOT WOUND",8,0.0963855421686747
2021,"VA","11: INTRACRANIAL HEMORRHAGE/STROKE",66,0.390532544378698
2021,"VA","5: CARDIOVASCULAR",36,0.21301775147929
2021,"VA","3: DRUG INTOXICATION",26,0.153846153846154
2021,"VA","7: GUNSHOT WOUND",15,0.0887573964497041
2021,"VA","9: BLUNT INJURY",10,0.0591715976331361
2021,"VT","11: INTRACRANIAL HEMORRHAGE/STROKE",4,0.333333333333333
2021,"VT","5: CARDIOVASCULAR",4,0.333333333333333
2021,"VT","9: BLUNT INJURY",2,0.166666666666667
2021,"VT","3: DRUG INTOXICATION",1,0.0833333333333333
2021,"VT","7: GUNSHOT WOUND",1,0.0833333333333333
2021,"WA","11: INTRACRANIAL HEMORRHAGE/STROKE",44,0.273291925465839
2021,"WA","3: DRUG INTOXICATION",30,0.186335403726708
2021,"WA","9: BLUNT INJURY",29,0.180124223602484
2021,"WA","5: CARDIOVASCULAR",26,0.161490683229814
2021,"WA","4: ASPHYXIATION",17,0.105590062111801
2021,"WI","3: DRUG INTOXICATION",33,0.226027397260274
2021,"WI","11: INTRACRANIAL HEMORRHAGE/STROKE",27,0.184931506849315
2021,"WI","9: BLUNT INJURY",25,0.171232876712329
2021,"WI","7: GUNSHOT WOUND",19,0.13013698630137
2021,"WV","11: INTRACRANIAL HEMORRHAGE/STROKE",21,0.272727272727273
2021,"WV","5: CARDIOVASCULAR",19,0.246753246753247
2021,"WV","3: DRUG INTOXICATION",17,0.220779220779221
2021,"WV","9: BLUNT INJURY",10,0.12987012987013
2021,"WV","7: GUNSHOT WOUND",6,0.0779220779220779
2021,"WY","5: CARDIOVASCULAR",3,0.428571428571429
2021,"WY","4: ASPHYXIATION",2,0.285714285714286
2021,"WY","11: INTRACRANIAL HEMORRHAGE/STROKE",1,0.142857142857143
2021,"WY","7: GUNSHOT WOUND",1,0.142857142857143
2021,NA,"",492,1
