,,,,,,,,,,,,,,
TABLE 2,,Purchased / Referred Care Denials                                         ,,,,,,,,,,,,
,,FY 2016,,,,,,,,,,,,
,,,,,,,,,,,,,,
,,,,,,,,,,,,,,
,,(A),(B),(C),(D),(E),(F),(G),(H),(I),,,,
,,"Eligible But 
Care was not Within Medical Priority",,,,,,,,,,,,
"Federal PRC 
Programs",,,Eligible But Alternate Resource was Available,"Patient 
Not Eligible 
For PRC",Emergency Notification was not Provided Within 72 Hours,"Non-Emergency Care with 
No Prior Authorized","Patient Resides Outside 
PRC Service Delivery Area","IHS Facility 
was Accessible and Available","All Other 
Denials",TOTAL                     (A-H),,,,
,,Number,Number,Number,Number,Number,Number,Number,Number,Number,,,,
1,Alaska,0 ,0 ,0 ,0 ,0 ,0 ,0 ,0 ,0 ,,,,
2,Albuquerque,169 ,"11,172 ",173 ,509 ,8 ,"3,236 ",81 ,169 ,"15,517 ",,,,
3,Bemidji,42 ,"1,295 ",66 ,563 ,42 ,341 ,92 ,33 ,"2,474 ",,,,
4,Billing,"10,574 ","11,502 ","1,013 ",897 ,"1,203 ","2,767 ","2,272 ",684 ,"30,912 ",,,,
5,California,0 ,0 ,0 ,0 ,0 ,0 ,0 ,0 ,0 ,,,,
6,Great Plains,"3,748 ","21,579 ","1,358 ","2,826 ",0 ,"7,010 ",0 ,0 ,"36,521 ",,,,
7,Nsshville,52 ,24 ,60 ,82 ,23 ,17 ,18 ,47 ,323 ,,,,
8,Navajo,"1,258 ","24,062 ",437 ,"1,143 ",0 ,478 ,429 ,176 ,"27,983 ",,,,
9,Oklahoma,"6,084 ","1,320 ","1,585 ",763 ,24 ,660 ,823 ,698 ,"11,957 ",,,,
10,Phoenix,"1,932 ","12,584 ",330 ,845 ,0 ,"6,035 ",0 ,0 ,"21,726 ",,,,
11,Portland,14 ,91 ,37 ,407 ,0 ,76 ,0 ,0 ,625 ,,,,
12,Tucson,105 ,"9,511 ",109 ,209 ,0 ,837 ,0 ,0 ,"10,771 ",,,,
  Federal Sub Total ,,"23,978 ","93,140 ","5,168 ","8,244 ","1,300 ","21,457 ","3,715 ","1,807 ","158,809 ",,,,
1,Alaska,0 ,0 ,0 ,0 ,0 ,0 ,0 ,0 ,0 ,,,,
2,Albuquerque,0 ,0 ,0 ,0 ,0 ,0 ,0 ,0 ,0 ,,,,
3,Bemidji,405 ,"2,797 ",109 ,452 ,633 ,313 ,73 ,"3,304 ","8,086 ",,,,
4,Billing,3 ,9 ,1 ,10 ,10 ,0 ,0 ,0 ,33 ,,,,
5,California,"2,062 ","3,450 ",667 ,459 ,135 ,177 ,51 ,"1,200 ","8,201 ",,,,
6,Great Plains,262 ,897 ,200 ,175 ,241 ,192 ,733 ,12 ,"2,712 ",,,,
7,Nsshville,18 ,2 ,1 ,700 ,0 ,0 ,0 ,0 ,721 ,,,,
8,Navajo,"9,436 ","33,420 ","2,975 ","1,967 ",265 ,"2,515 ","1,120 ",870 ,"52,568 ",,,,
9,Oklahoma,"2,839 ","1,588 ",239 ,296 ,215 ,"1,344 ",365 ,"13,160 ","20,046 ",,,,
10,Phoenix,979 ,"10,478 ",263 ,406 ,133 ,"4,062 ",91 ,"1,525 ","17,937 ",,,,
11,Portland,85 ,143 ,694 ,23 ,"1,189 ",0 ,25 ,89 ,"2,248 ",,,,
12,Tucson,9 ,186 ,0 ,2 ,0 ,0 ,0 ,1 ,198 ,,,,
  Tribal Sub Total ,,"16,098 ","52,970 ","5,149 ","4,490 ","2,821 ","8,603 ","2,458 ","20,161 ","112,750 ",,,,
I.H.S. OFFICES TOTAL,,"40,076 ","146,110 ","10,317 ","12,734 ","4,121 ","30,060 ","6,173 ","21,968 ","271,559 ",,,,
,,,,,,,,,,,,,,
,,,,,,,,,,,,,,
,Albuquerque Area Federal,,,,,,,,,,,,,
TABLE 2,,Purchased / Referred Care Denials                                         ,,,,,,,,,,,,
,,FY 2016,,,,,,,,,,,,(b) (6) 
,,,,,,,,,,,,,,
,,,,,,,,,,,,,,
,,(A),(B),(C),(D),(E),(F),(G),(H),(I),,,,
,,"Eligible But 
Care was not Within Medical Priority",,,,,,,,,,,,
"Albuquerque Federal and Tribal PRC 
Programs",,,Eligible But Alternate Resource was Available,"Patient 
Not Eligible 
For PRC",Emergency Notification was not Provided Within 72 Hours,"Non-Emergency Care with 
No Prior Authorized","Patient Resides Outside 
PRC Service Delivery Area","IHS Facility 
was Accessible and Available","All Other 
Denials",TOTAL                     (A-H),,,,
,,Number,Number,Number,Number,Number,Number,Number,Number,Number,,,,
1,(b) (6) ,30," 2,382 ",60,70,0,135,0,0," 2,677 ",,,,
2,(b) (6) ,24," 2,789 ",1,56,8," 1,406 ",74,169," 4,527 ",,,,
3,(b) (6) ,3,1185,11,244,0,65,0,0," 1,508 ",,,,
4,(b) (6) ,27, 520 ,2,0,0,53,0,0, 602 ,,,,
5,(b) (6) ,32," 1,407 ",30,9,0," 1,224 ",0,0," 2,702 ",,,,
6,(b) (6) ,2, 90 ,2,59,,43,,, 196 ,,,,
7,(b) (6) ,36, 716 ,4,49,0,29,4,0, 838 ,,,,
8,(b) (6) ,15 ,"2,083 ",63 ,22 ,0 ,281 ,3 ,0 ," 2,467 ",,,,
  Federal Sub Total ,,169 ,"11,172 ",173 ,509 ,8 ,"3,236 ",81 ,169 ,"15,517 ",,,,
1,None,0 ,0 ,0 ,0 ,0 ,0 ,0 ,0 ,0 ,,,,
  Tribal Sub Total ,,0 ,0 ,0 ,0 ,0 ,0 ,0 ,0 ,0 ,,,,
Albuquerque TOTAL ,,169 ,"11,172 ",173 ,509 ,8 ,"3,236 ",81 ,169 ,"15,517 ",,,,
,,,,,,,,,,,,,,
,,,,,,,,,,,,,,
,Bemidji Area Federal,,,,,,,,,,,,,
TABLE 2,,Purchased / Referred Care Denials                                         ,,,,,,,,,,,,
,,FY 2016,,,,,,,,,,,,
,,,,,,,,,,,,,,
,,,,,,,,,,,,,,
,,(A),(B),(C),(D),(E),(F),(G),(H),(I),,,,
,,"Eligible But 
Care was not Within Medical Priority",,,,,,,,,,,,
"Bemidji Federal and Tribal PRC 
Programs",,,Eligible But Alternate Resource was Available,"Patient 
Not Eligible 
For PRC",Emergency Notification was not Provided Within 72 Hours,"Non-Emergency Care with 
No Prior Authorized","Patient Resides Outside 
PRC Service Delivery Area","IHS Facility 
was Accessible and Available","All Other 
Denials",TOTAL                     (A-H),,,,
,,Number,Number,Number,Number,Number,Number,Number,Number,Number,,,,
1,(b) (6) ,3,343,29,62,42,109,92,33,713,,,,
2,(b) (6) ,38,783,36,381,included in ( C ),220,included in (B),0,"1,458 ",,,,
3,(b) (6) ,1,169,1,120,included w/D,12,included w/B,0,303,,,,
  Federal Sub Total ,,42 ,"1,295 ",66 ,563 ,42 ,341 ,92 ,33 ,"2,474 ",,,,
1,(b) (6) ,0 ,0 ,0 ,0 ,0 ,0 ,0 ,0 ,0 ,,,,
2,(b) (6) ,36 ,26 ,12 ,8 ,3 ,1 ,0 ,38 ,124 ,,,,
3,(b) (6) ,2 ,,25 ,100 ,197 ,,53 ,,377 ,,,,
4,(b) (6) ,42 ,48 ,0 ,13 ,0 ,1 ,0 ,0 ,104 ,,,,
5,(b) (6) ,33 ,6 ,1 ,109 ,0 ,6 ,0 ,19 ,174 ,,,,
6,(b) (6) ,214 ,805 ,11 ,10 ,13 ,5 ,14 ,91 ,"1,163 ",,,,
7,(b) (6) ,0 ,0 ,35 ,9 ,3 ,0 ,0 ,0 ,47 ,,,,
8,(b) (6) ,2 ,2 ,5 ,4 ,0 ,2 ,0 ,0 ,15 ,,,,
9,(b) (6) ,13 ,38 ,,19 ,5 ,1 ,,,76 ,,,,
10,(b) (6) ,N/A ,N/A ,N/A ,N/A ,N/A ,N/A ,N/A ,N/A ,0 ,,,,
11,(b) (6) ,0 ,0 ,0 ,0 ,0 ,0 ,0 ,0 ,0 ,,,,
12,(b) (6) ,N/A ,N/A ,N/A ,N/A ,N/A ,N/A ,N/A ,N/A ,0 ,,,,
13,(b) (6) ,63 ,"1,872 ",20 ,180 ,412 ,297 ,6 ,"3,156 ","6,006 ",,,,
  Tribal Sub Total ,,405 ,"2,797 ",109 ,452 ,633 ,313 ,73 ,"3,304 ","8,086 ",,,,
Bemidji TOTAL ,,447 ,"4,092 ",175 ,"1,015 ",675 ,654 ,165 ,"3,337 ","10,560 ",,,,
,,,,,,,,,,,,,,
,,,,,,,,,,,,,,
,Billing Area Federal,,,,,,,,,,,,,
TABLE 2,,Purchased / Referred Care Denials                                         ,,,,,,,,,,,,
,,FY 2016,,,,,,,,,,,,
,,,,,,,,,,,,,,
,,,,,,,,,,,,,,
,,(A),(B),(C),(D),(E),(F),(G),(H),(I),,,,
,,"Eligible But 
Care was not Within Medical Priority",,,,,,,,,,,,
"Billing Federal and Tribal (b) (6)    PRC 
Programs",,,Eligible But Alternate Resource was Available,"Patient 
Not Eligible 
For PRC",Emergency Notification was not Provided Within 72 Hours,"Non-Emergency Care with 
No Prior Authorized","Patient Resides Outside 
PRC Service Delivery Area","IHS Facility 
was Accessible and Available","All Other 
Denials",TOTAL                     (A-H),,,,
,,Number,Number,Number,Number,Number,Number,Number,Number,Number,,,,
1,(b) (6) ,571 ,"2,666 ",79 ,0 ,578 ,615 ,0 ,0 ,"4,509 ",,,,
2,(b) (6) ,"1,236 ","1,740 ",492 ,338 ,303 ,67 ,"1,126 ",14 ,"5,316 ",,,,
3,(b) (6) ,653 ,963 ,292 ,0 ,0 ,292 ,0 ,0 ,"2,200 ",,,,
4,(b) (6) ,"2,168 ","1,152 ",146 ,0 ,250 ,"1,049 ",0 ,0 ,"4,765 ",,,,
5,(b) (6) ,884 ,67 ,0 ,383 ,0 ,188 ,0 ,380 ,"1,902 ",,,,
6,(b) (6) ,41 ,"1,952 ",4 ,0 ,72 ,0 ,"1,146 ",279 ,"3,494 ",,,,
7,(b) (6) ,"5,021 ","2,962 ",0 ,176 ,0 ,556 ,0 ,11 ,"8,726 ",,,,
  Federal Sub Total ,,"10,574 ","11,502 ","1,013 ",897 ,"1,203 ","2,767 ","2,272 ",684 ,"30,912 ",,,,
1,(b) (6) ,0,2,0,0,0,0,0,0,2,,,,
2,(b) (6) ,0,0,0,0,0,0,0,0,0,,,,
3,(b) (6) ,0,0,0,10,10,0,0,0,20,,,,
4,(b) (6) ,0,0,0,0,0,0,0,0,0,,,,
5,(b) (6) ,3,3,1,0,0,0,0,0,7,,,,
6,(b) (6) ,0,4,0,0,0,0,0,0,4,,,,
  Tribal Sub Total ,,3 ,9 ,1 ,10 ,10 ,0 ,0 ,0 ,33 ,,,,
Billing TOTAL ,,"10,577 ","11,511 ","1,014 ",907 ,"1,213 ","2,767 ","2,272 ",684 ,"30,945 ",,,,
,,,,,,,,,,,,,,
,,,,,,,,,,,,,,
,Calfornia Area No Federal,,,,,,,,,,,,,
TABLE 2,,Purchased / Referred Care Denials                                         ,,,,,,,,,,,,
,,FY 2016,,,,,,,,,,,,
,,,,,,,,,,,,,,
,,,,,,,,,,,,,,
,,(A),(B),(C),(D),(E),(F),(G),(H),(I),,,,
,,"Eligible But 
Care was not Within Medical Priority",,,,,,,,,,,,
"California Federal and Tribal PRC 
Programs",,,Eligible But Alternate Resource was Available,"Patient 
Not Eligible 
For PRC",Emergency Notification was not Provided Within 72 Hours,"Non-Emergency Care with 
No Prior Authorized","Patient Resides Outside 
PRC Service Delivery Area","IHS Facility 
was Accessible and Available","All Other 
Denials",TOTAL                     (A-H),,,,
,,Number,Number,Number,Number,Number,Number,Number,Number,Number,,,,
1,None,0,0,0,0,0,0,0,0,0,,,,
  Federal Sub Total ,,0 ,0 ,0 ,0 ,0 ,0 ,0 ,0 ,0 ,,,,
1,(b) (6) ,3,3,4,0,0,0,0,0,10,,,,
2,(b) (6) ,1089,0,43,5,6,1,0,4,1148,,,,
3,(b) (6) ,6,34,7,0,0,4,0,406,457,,,,
4,(b) (6) ,123,976,39,118,0,19,0,0,1275,,,,
5,(b) (6) ,98,31,44,0,3,27,0,0,203,,,,
6,(b) (6) ,185,10,13,0,6,19,0,0,233,,,,
7,(b) (6) ,11,3,2,0,0,0,0,0,16,,,,
8,(b) (6) ,1,6,4,19,0,17,0,5,52,,,,
9,(b) (6) ,113,176,20,9,0,0,0,106,424,,,,
10,(b) (6) ,11,3,2,0,2,1,0,0,19,,,,
11,(b) (6) ,1,4,0,14,0,4,0,0,23,,,,
12,(b) (6) ,0,675,0,0,0,0,0,0,675,,,,
13,(b) (6) ,193,461,1,0,0,0,0,0,655,,,,
14,(b) (6) ,19,0,0,0,0,0,3,0,22,,,,
15,(b) (6) ,0,139,54,14,0,0,0,117,324,,,,
16,(b) (6) ,36,81,26,58,0,46,0,0,247,,,,
17,(b) (6) ,0,94,29,1,0,0,0,9,133,,,,
18,(b) (6) ,0,10,4,2,17,1,0,0,34,,,,
19,(b) (6) ,9,536,38,153,0,1,0,486,1223,,,,
20,(b) (6) ,16,15,167,7,28,12,8,0,253,,,,
21,(b) (6) ,62,20,2,15,0,0,0,0,99,,,,
22,(b) (6) ,74,16,84,38,67,0,34,30,343,,,,
23,(b) (6) ,5,102,18,6,0,1,0,0,132,,,,
24,(b) (6) ,4,45,66,0,2,19,1,37,174,,,,
25,(b) (6) ,3,10,0,0,4,5,5,0,27,,,,
  Tribal Sub Total ,,"2,062 ","3,450 ",667 ,459 ,135 ,177 ,51 ,"1,200 ","8,201 ",,,,
California TOTAL,,"2,062 ","3,450 ",667 ,459 ,135 ,177 ,51 ,"1,200 ","8,201 ",,,,
,,,,,,,,,,,,,,
,,,,,,,,,,,,,,
,Great Plains Area Federal,,,,,,,,,,,,,
TABLE 2,,Purchased / Referred Care Denials                                         ,,,,,,,,,,,,
,,FY 2016,,,,,,,,,,,,
,,Great Plains Area Indian Health Service,,,,,,,,,,,,
,,,,,,,,,,,,,,
"Great Plains Federal and Tribal PRC 
Programs",,(A),(B),(C),(D),(E),(F),(G),(H),(I),,,,
,,"Eligible But 
Care was not Within Medical Priority",,,,,,,,,,,,
,,,Eligible But Alternate Resource was Available,"Patient 
Not Eligible 
For PRC",Emergency Notification was not Provided Within 72 Hours,"Non-Emergency Care with 
No Prior Authorized","Patient Resides Outside 
PRC Service Delivery Area","IHS Facility 
was Accessible and Available","All Other 
Denials",TOTAL                     (A-H),,,,
,,Number,Number,Number,Number,Number,Number,Number,Number,Number,,,,
1,(b) (6) , 69 ," 2,401 ", 6 , 197 ,0, 256 ,0,0," 2,929 ",,,,
2,(b) (6) , 154 ," 1,627 ", 301 , 209 ,0, 253 ,0,0," 2,544 ",,,,
3,(b) (6) , 594 ," 1,253 ", 134 , 458 ,0, 153 ,0,0," 2,592 ",,,,
4,(b) (6) , 79 ," 1,287 ", 101 , 560 ,0, 349 ,0,0," 2,376 ",,,,
5,(b) (6) , 444 , 469 , 32 , 8 ,0, 117 ,0,0," 1,070 ",,,,
6,(b) (6) , 511 ," 6,054 ", 21 , 318 ,0, 265 ,0,0," 7,169 ",,,,
7,(b) (6) ," 1,035 "," 2,498 ", 488 , 326 ,0," 3,719 ",0,0," 8,066 ",,,,
8,(b) (6) ,493," 1,784 ", 61 , 40 ,0, 297 ,0,0," 2,675 ",,,,
9,(b) (6) ,103," 2,217 ", 203 , 687 ,0, 663 ,0,0," 3,873 ",,,,
10,(b) (6) ,259," 1,503 ", 8 , 7 ,0, 166 ,0,0," 1,943 ",,,,
11,(b) (6) ,7,486, 3 , 16 ,0, 772 ,0,0," 1,284 ",,,,
  Federal Sub Total ,," 3,748 "," 21,579 ",1358," 2,826 ",0," 7,010 ",0,0," 36,521 ",,,,
1,(b) (6) ,0,0,0,0,0,0,0,0,0,,,,
2,(b) (6) ,0,0,0,0,0,0,0,0,0,,,,
3,(b) (6) ,21,164,21,39,0,13,0,0,258,,,,
4,(b) (6) ,0,0,0,0,0,0,0,0,0,,,,
5,(b) (6) ,0,0,0,0,0,0,0,0,0,,,,
6,(b) (6) ,0,0,0,0,0,0,0,0,0,,,,
7,(b) (6) ,241,733,179,136,241,179,733,12,2454,,,,
8,(b) (6) ,0,0,0,0,0,0,0,0,0,,,,
  Tribal Sub Total ,,262 ,897 ,200 ,175 ,241 ,192 ,733 ,12 ,"2,712 ",,,,
Great Plains TOTAL ,,"4,010 ","22,476 ","1,558 ","3,001 ",241 ,"7,202 ",733 ,12 ,"39,233 ",,,,
,,,,,,,,,,,,,,
,,,,,,,,,,,,,,
,Nashville Area Federal,,,,,,,,,,,,,
Purchased / Referred Care Denials                                         ,,,,,,,,,,,,,,
FY 2016,,,,,,,,,,,,,,
,,,,,,,,,,,,,,
,,,,,,,,,,,,,,
,,(A),(B),(C),(D),(E),(F),(G),(H),(I),,,,
,,,,,,,,,,,,,,
"Nashville Federal and Tribal PRC 
Programs",,"Eligible But 
Care was not Within Medical Priority",Eligible But Alternate Resource was Available,"Patient 
Not Eligible 
For PRC",Emergency Notification was not Provided Within 72 Hours,"Non-Emergency Care with 
No Prior Authorized","Patient Resides Outside 
PRC Service Delivery Area","IHS Facility 
was Accessible and Available","All Other 
Denials",TOTAL                     (A-H),,,,
,,Number,Number,Number,Number,Number,Number,Number,Number,Number,,,,
1,(b) (6) ,0,0,0,0,0,0,0,0,0,,,,
2,(b) (6) ,5,1,44,11,0,3,0,0,64,,,,
3,(b) (6) ,15,6,4,12,0,4,4,0,45,,,,
4,(b) (6) ,2,0,2,1,0,1,0,3,9,,,,
5,(b) (6) ,30,5,10,54,22,8,14,39,182,,,,
6,(b) (6) ,0,12,0,4,1,1,0,5,23,,,,
  Federal Sub Total ,,52 ,24 ,60 ,82 ,23 ,17 ,18 ,47 ,323 ,,,,
1,(b) (6) ,0,2,1,0,0,0,0,0,3,,,,
2,(b) (6) ,18,0,0,700,0,0,0,0,718,,,,
  Tribal Sub Total ,,18 ,2 ,1 ,700 ,0 ,0 ,0 ,0 ,721 ,,,,
Nashville TOTAL,,70 ,26 ,61 ,782 ,23 ,17 ,18 ,47 ,"1,044 ",,,,
,,,,,,,,,,,,,,
,,,,,,,,,,,,,,
,Navajo Area Federal,,,,,,,,,,,,,
TABLE 2,,Purchased / Referred Care Denials                                         ,,,,,,,,,,,,
,,FY 2016,,,,,,,,,,,,
,,,,,,,,,,,,,,
,,,,,,,,,,,,,,
,,(A),(B),(C),(D),(E),(F),(G),(H),(I),,,,
,,"Eligible But 
Care was not Within Medical Priority",,,,,,,,,,,,
"Navajo Federal and Tribal PRC 
Programs",,,Eligible But Alternate Resource was Available,"Patient 
Not Eligible 
For PRC",Emergency Notification was not Provided Within 72 Hours,"Non-Emergency Care with 
No Prior Authorized","Patient Resides Outside 
PRC Service Delivery Area","IHS Facility 
was Accessible and Available","All Other 
Denials",TOTAL                     (A-H),,,,
,,Number,Number,Number,Number,Number,Number,Number,Number,Number,,,,
1,(b) (6) ,428,8429,104,256,0,141,0,0,"9,358 ",,,,
2,(b) (6) ,35,2217,0,117,0,7,0,61,"2,437 ",,,,
3,(b) (6) ,635,5624,0,172,0,183,0,115,"6,729 ",,,,
4,(b) (6) ,8,2187,0,0,0,0,0,0,"2,195 ",,,,
5,(b) (6) ,152,5605,333,598,0,147,429,0,"7,264 ",,,,
  Federal Sub Total ,,"1,258 ","24,062 ",437 ,"1,143 ",0 ,478 ,429 ,176 ,"27,983 ",,,,
1,(b) (6) ,5 ,"4,814 ",5 ,572 ,0 ,7 ,0 ,0 ,"5,403 ",,,,
2,(b) (6) ,"1,086 ","7,223 ",246 ,230 ,95 ,"1,405 ",405 ,0 ,"10,690 ",,,,
3,(b) (6) ,"6,484 ","9,395 ","2,372 ",699 ,0 ,805 ,0 ,0 ,"19,755 ",,,,
4,(b) (6) ,264 ,"1,690 ",334 ,201 ,170 ,127 ,715 ,870 ,"4,371 ",,,,
5,(b) (6) ,"1,597 ","10,298 ",18 ,265 ,0 ,171 ,0 ,0 ,"12,349 ",,,,
  Tribal Sub Total ,,"9,436 ","33,420 ","2,975 ","1,967 ",265 ,"2,515 ","1,120 ",870 ,"52,568 ",,,,
Navajo TOTAL,,"10,694 ","57,482 ","3,412 ","3,110 ",265 ,"2,993 ","1,549 ","1,046 ","80,551 ",,,,
,,,,,,,,,Indian Descent,,,,,
,,,,,,,,,,,,,,
,Oklahoma Area Federal,,,,,,,,,,,,,
TABLE 2,,Purchased / Referred Care Denials                                         ,,,,,,,,,,,,
,,FY 2016,,,,,,,,,,,,
,,,,,,,,,,,,,,
,,,,,,,,,,,,,,
,,(A),(B),(C),(D),(E),(F),(G),(H),(I),,,,
,,"Eligible But 
Care was not Within Medical Priority",,,,,,,,,,,,
"Oklahoma Federal and Tribal PRC 
Programs",,,Eligible But Alternate Resource was Available,"Patient 
Not Eligible 
For PRC",Emergency Notification was not Provided Within 72 Hours,"Non-Emergency Care with 
No Prior Authorized","Patient Resides Outside 
PRC Service Delivery Area","IHS Facility 
was Accessible and Available","All Other 
Denials",TOTAL                     (A-H),,,,
,,Number,Number,Number,Number,Number,Number,Number,Number,Number,,,,
1,(b) (6) ,"1,930 ",45 ,39 ,186 ,24 ,8 ,822 ,696 ,"3,750 ",,,,
2,(b) (6) ,308 ,4 ,642 ,59 ,0 ,107 ,0 ,0 ,"1,120 ",,,,
3,(b) (6) ,139 ,15 ,29 ,66 ,0 ,152 ,0 ,0 ,401 ,,,,
4,(b) (6) ,303 ,"1,074 ",423 ,389 ,0 ,388 ,0 ,0 ,"2,577 ",,,,
5,(b) (6) ,"3,187 ",58 ,440 ,50 ,0 ,2 ,0 ,0 ,"3,737 ",,,,
6,(b) (6) ,171 ,0 ,11 ,1 ,0 ,3 ,0 ,0 ,186 ,,,,
7,(b) (6) ,46 ,124 ,0 ,12 ,0 ,0 ,0 ,2 ,184 ,,,,
8,(b) (6) ,0 ,0 ,1 ,0 ,0 ,0 ,1 ,0 ,2 ,,,,
  Federal Sub Total ,,"6,084 ","1,320 ","1,585 ",763 ,24 ,660 ,823 ,698 ,"11,957 ",,,,
1,(b) (6) ,54,34,84,198,120,12,27,180,709,,,,
2,(b) (6) ,"1,983",73,4,10,0,178,0,0,"2,248",,,,
3,(b) (6) ,136,105,0,0,0,827,0,24,"1,092",,,,
4,(b) (6) ,272,"1,227",22,70,0,142,0,403,"2,136",,,,
5,(b) (6) ,52,21,0,0,0,0,244,293,610,,,,
6,(b) (6) ,0,0,0,0,0,0,0,"12,225","12,225",,,,
7,(b) (6) ,0,0,0,0,0,0,0,0,0,,,,
8,(b) (6) ,0,0,0,0,0,0,0,0,0,,,,
9,(b) (6) ,88,16,0,6,0,22,0,2,134,,,,
10,(b) (6) ,18,16,74,7,1,1,25,13,155,,,,
11,(b) (6) ,0,0,0,0,0,0,0,0,0,,,,
12,(b) (6) ,0,0,0,0,0,0,0,0,0,,,,
13,(b) (6) ,203,94,49,2,92,156,36,0,632,,,,
14,(b) (6) ,33,2,6,3,2,6,33,20,105,,,,
  Tribal Sub Total ,,"2,839 ","1,588 ",239 ,296 ,215 ,"1,344 ",365 ,"13,160 ","20,046 ",,,,
Oklahoma TOTAL,,"8,923 ","2,908 ","1,824 ","1,059 ",239 ,"2,004 ","1,188 ","13,858 ","32,003 ",,,,
,,,,,,,,,,,,,,
,,,,,,,,,,,,,,
,Phoenix Area Federal,,,,,,,,,,,,,
TABLE 2,,Purchased / Referred Care Denials                                         ,,,,,,,,,,,,
,,FY 2016,,,,,,,,,,,,
,,,,,,,,,,,,,,
,,,,,,,,,,,,,,
,,(A),(B),(C),(D),(E),(F),(G),(H),(I),,,,
,,"Eligible But 
Care was not Within Medical Priority",,,,,,,,,,,,
"Phoenix Federal and Tribal PRC 
Programs",,,Eligible But Alternate Resource was Available,"Patient 
Not Eligible 
For PRC",Emergency Notification was not Provided Within 72 Hours,"Non-Emergency Care with 
No Prior Authorized","Patient Resides Outside 
PRC Service Delivery Area","IHS Facility 
was Accessible and Available","All Other 
Denials",TOTAL                     (A-H),,,,
,,Number,Number,Number,Number,Number,Number,Number,Number,Number,,,,
1,(b) (6) ,660,"4,824",85,74,0,"5,705",0,0,"11,348",,,,
2,(b) (6) ,0,0,0,0,0,0,0,0,0,,,,
3,(b) (6) ,56,"2,551",8,128,0,64,0,0,"2,807",,,,
4,(b) (6) ,7,12,2,18,0,6,0,0,45,,,,
5,(b) (6) ,2,3,0,7,0,2,0,0,14,,,,
6,(b) (6) ,0,1,0,0,0,0,0,0,1,,,,
7,(b) (6) ,196,49,0,49,0,5,0,0,299,,,,
8,(b) (6) ,6,2,1,4,0,1,0,0,14,,,,
9,(b) (6) ,6,"2,683",4,83,0,27,0,0,"2,803",,,,
10,(b) (6) ,673,"1,091",9,54,0,118,0,0,"1,945",,,,
11,(b) (6) ,76,640,19,127,0,12,0,0,874,,,,
12,(b) (6) ,209,214,21,65,0,95,0,0,604,,,,
13,(b) (6) ,41,514,181,236,0,0,0,0,972,,,,
  Federal Sub Total ,,"1,932","12,584",330,845,0,"6,035",0,0,"21,726",,,,
1,(b) (6) ,61,4,0,7,7,2,2,0,83 ,,,,
2,(b) (6) ,0,0,0,0,0,0,0,8,8 ,,,,
3,(b) (6) ,48,71,20,48,0,9,0,23,219 ,,,,
4,(b) (6) ,0,30,5,0,2,5,0,21,63 ,,,,
5,(b) (6) ,0,0,0,0,0,0,0,0,0 ,,,,
6,(b) (6) ,823,"9,791",55,328,109,"4,005",75,"1,349","16,535 ",,,,
7,(b) (6) ,0,8,0,10,14,0,0,3,35 ,,,,
8,(b) (6) ,0,0,0,0,0,0,0,0,0 ,,,,
9,(b) (6) ,0,103,0,4,0,23,0,0,130 ,,,,
10,(b) (6) ,2,87,7,9,1,2,7,0,115 ,,,,
11,(b) (6) ,0,0,0,0,0,0,0,0,0 ,,,,
12,(b) (6) ,45,384,176,0,0,16,7,121,749 ,,,,
13,(b) (6) ,0,0,0,0,0,0,0,0,0 ,,,,
  Tribal Sub Total ,,979 ,"10,478 ",263 ,406 ,133 ,"4,062 ",91 ,"1,525 ","17,937 ",,,,
Phoenix TOTAL,,"2,911 ","23,062 ",593 ,"1,251 ",133 ,"10,097 ",91 ,"1,525 ","39,663 ",,,,
,,,,,,,,,,,,,,
,Portland Area Federal,,,,,,,,,,,,,
TABLE 2,,Purchased / Referred Care Denials                                         ,,,,,,,,,,,,
,,FY 2016,,,,,,,,,,,,
,,,,,,,,,,,,,,
,,,,,,,,,,,,,,
,,(A),(B),(C),(D),(E),(F),(G),(H),(I),,,,
,,"Eligible But 
Care was not Within Medical Priority",,,,,,,,,,,,
"Portland Federal and Tribal PRC 
Programs",,,Eligible But Alternate Resource was Available,"Patient 
Not Eligible 
For PRC",Emergency Notification was not Provided Within 72 Hours,"Non-Emergency Care with 
No Prior Authorized","Patient Resides Outside 
PRC Service Delivery Area","IHS Facility 
was Accessible and Available","All Other 
Denials",TOTAL                     (A-H),,,,
,,Number,Number,Number,Number,Number,Number,Number,Number,Number,,,,
1,(b) (6) ,14,91,32,407,Not Avaliable ,76,0,0,620,,,,
2,(b) (6) ,0,0,0,0,0,0,0,0,0,,,,
3,(b) (6) ,0,0,5,0,0,0,0,0,5,,,,
4,(b) (6) ,0,0,0,0,0,0,0,0,0,,,,
  Federal Sub Total ,,14,91,37,407,0,76,0,0,625,,,,
1,(b) (6) ,53,12,0,0,7,0,0,37,109,,,,
2,(b) (6) ,0,0,0,0,837,0,0,0,837,,,,
3,(b) (6) ,12,1,580,0,316,0,7,6,922,,,,
4,(b) (6) ,20,130,114,23,29,,18,46,380,,,,
  Tribal Sub Total ,,85 ,143 ,694 ,23 ,"1,189 ",0 ,25 ,89 ,"2,248 ",,,,
Portland TOTAL,,99 ,234 ,731 ,430 ,"1,189 ",76 ,25 ,89 ,"2,873 ",,,,
,,,,,,,,,,,,,,
,,,,,,,,,,,,,,
,Tucson Area Federal,,,,,,,,,,,,,
TABLE 2,,Purchased / Referred Care Denials                                         ,,,,,,,,,,,,
,,FY 2016,,,,,,,,,,,,
,,,,,,,,,,,,,,
,,,,,,,,,,,,,,
,,(A),(B),(C),(D),(E),(F),(G),(H),(I),,,,
,,"Eligible But 
Care was not Within Medical Priority",,,,,,,,,,,,
"Tucson Federal and Tribal PRC 
Programs",,,Eligible But Alternate Resource was Available,"Patient 
Not Eligible 
For PRC",Emergency Notification was not Provided Within 72 Hours,"Non-Emergency Care with 
No Prior Authorized","Patient Resides Outside 
PRC Service Delivery Area","IHS Facility 
was Accessible and Available","All Other 
Denials",TOTAL                     (A-H),,,,
,,Number,Number,Number,Number,Number,Number,Number,Number,Number,,,,
1,(b) (6) ,67 ,"5,542 ",63 ,67 ,0 ,56 ,0 ,0 ,"5,795 ",,,,
2,(b) (6) ,38 ,"3,969 ",46 ,142 ,0 ,781 ,0 ,0 ,"4,976 ",,,,
  Federal Sub Total ,,105,"9,511",109,209,0,837,0,0,"10,771",,,,
1,(b) (6) ,9,186,0,2,0,0,0,1,198,,,,
  Tribal Sub Total ,,9 ,186 ,0 ,2 ,0 ,0 ,0 ,1 ,198 ,,,,
Tucson TOTAL,,114 ,"9,697 ",109 ,211 ,0 ,837 ,0 ,1 ,"10,969 ",,,,
,,,,,,,,,,,,,,
,,,,,,,,,,,,,,
,,,,,,,,,,,,,,
FORMS,,,,,,,,,,,,,,
TABLE 2,,Purchased / Referred Care Denials                                         ,,,,,,,,,,,,
,,FY 2016,,,,,,,,,,,,
,,,,,,,,,,,,,,
,,,,,,,,,,,,,,
,,(A),(B),(C),(D),(E),(F),(G),(H),(I),,,,
,,"Eligible But 
Care was not Within Medical Priority",,,,,,,,,,,,
"Federal PRC 
Programs",,,Eligible But Alternate Resource was Available,"Patient 
Not Eligible 
For PRC",Emergency Notification was not Provided Within 72 Hours,"Non-Emergency Care with 
No Prior Authorized","Patient Resides Outside 
PRC Service Delivery Area","IHS Facility 
was Accessible and Available","All Other 
Denials",TOTAL                     (A-H),,,,
,,Number,Number,Number,Number,Number,Number,Number,Number,Number,,,,
1,,,,,,,,,,0,,,,
2,,,,,,,,,,0,,,,
3,,,,,,,,,,0,,,,
4,,,,,,,,,,0,,,,
5,,,,,,,,,,0,,,,
6,,,,,,,,,,0,,,,
7,,,,,,,,,,0,,,,
8,,,,,,,,,,0,,,,
9,,,,,,,,,,0,,,,
10,,,,,,,,,,0,,,,
11,,,,,,,,,,0,,,,
12,,,,,,,,,,0,,,,
TOTAL,,0,0,0,0,0,0,0,0,0,,,,
,,,,,,,,,,,,,,
